"gid","fls_id","played_with"
"washington-dc-usa-90387","FLS0001","Fire Party"
"washington-dc-usa-90387","FLS0001","Ignition"
"washington-dc-usa-90387","FLS0001","Marginal Man"
"washington-dc-usa-92687","FLS0002","Darkness at Noon"
"washington-dc-usa-92687","FLS0002","Sarcastic Orgasm"
"washington-dc-usa-92687","FLS0002","Swiz"
"chapel-hill-nc-usa-92787","FLS0003","Days Of"
"chapel-hill-nc-usa-92787","FLS0003","Slush Puppies"
"richmond-va-usa-100787","FLS0004","Killjoy"
"richmond-va-usa-100787","FLS0004","Oi Polloi"
"washington-dc-usa-101687","FLS0005","Kingface"
"frederick-md-usa-112587","FLS0006","Second Nature"
"frederick-md-usa-112587","FLS0006","Soulside"
"frederick-md-usa-112587","FLS0006","Three"
"washington-dc-usa-120387","FLS0008","Soulside"
"washington-dc-usa-120387","FLS0008","The Hated"
"washington-dc-usa-120387","FLS0008","Thorns"
"middletown-ct-usa-120487","FLS0009","Soulside"
"norwalk-ct-usa-120587","FLS0010","American Standard"
"norwalk-ct-usa-120587","FLS0010","Soulside"
"washington-dc-usa-122887","FLS0011","Darkness at Noon"
"flint-mi-usa-12188","FLS0012","Political Silence"
"flint-mi-usa-12188","FLS0012","Smashed"
"annapolis-md-usa-20688","FLS0013","Images"
"annapolis-md-usa-20688","FLS0013","Moss Icon"
"merrifield-va-usa-22088","FLS0014","MFD"
"merrifield-va-usa-22088","FLS0014","Shudder to Think"
"washington-dc-usa-30388","FLS0015","False Prophets"
"washington-dc-usa-30388","FLS0015","Fidelity Jones"
"washington-dc-usa-30388","FLS0015","Kingface"
"new-york-ny-usa-32588","FLS0016","Alice Donut"
"new-york-ny-usa-32588","FLS0016","Fidelity Jones"
"washington-dc-usa-33088","FLS0017","Laughing Hyenas"
"rockville-md-usa-40988","FLS0018","MFD"
"rockville-md-usa-40988","FLS0018","The Cynics"
"rockville-md-usa-40988","FLS0018","The Now"
"middletown-ct-usa-41588","FLS0019","Watershed"
"boston-ma-usa-41688","FLS0020","Patience"
"providence-ri-usa-41788","FLS0021","Operation Ivy"
"providence-ri-usa-41788","FLS0021","Verbal Assault"
"richmond-va-usa-42888","FLS0022","Alternatives"
"washington-dc-usa-50188","FLS0023","Dan Joseph"
"washington-dc-usa-50188","FLS0023","Rohelio Maxwell"
"washington-dc-usa-50188","FLS0023","The Smithtones"
"washington-dc-usa-50188","FLS0023","Twisted Teenage Plot"
"oberlin-oh-usa-50588","FLS0024","Kingface"
"morgantown-wv-usa-50688","FLS0025","Das Damen"
"clarksville-in-usa-50788","FLS0026","King Horse"
"clarksville-in-usa-50788","FLS0026","Lead Pennies"
"chicago-il-usa-50888","FLS0027","Jack Scratch"
"chicago-il-usa-50888","FLS0027","No Empathy"
"bozeman-mt-usa-51288","FLS0028","Homes With Pelicans"
"spokane-wa-usa-51388","FLS0029","Buzz"
"spokane-wa-usa-51388","FLS0029","Coffee Achievers"
"spokane-wa-usa-51388","FLS0029","Free Keg"
"spokane-wa-usa-51388","FLS0029","the Feedback"
"tacoma-wa-usa-51588","FLS0030","Brotherhood"
"tacoma-wa-usa-51588","FLS0030","Noise For Nothing"
"olympia-wa-usa-51688","FLS0031","Dangermouse"
"olympia-wa-usa-51688","FLS0031","Green Eggs & Ham"
"berkeley-ca-usa-52088","FLS0032","Beatnigs"
"berkeley-ca-usa-52088","FLS0032","Crimpshrine"
"berkeley-ca-usa-52088","FLS0032","Yeastie Girlz"
"pomona-ca-usa-52288","FLS0033","Lazy Cowgirls"
"pomona-ca-usa-52288","FLS0033","Public Humiliation"
"pomona-ca-usa-52288","FLS0033","Savage Republic"
"tucson-az-usa-52488","FLS0035","The Squares"
"tucson-az-usa-52488","FLS0035","Wind of Change"
"college-station-tx-usa-52688","FLS0036","Bad Mutha Goose"
"college-station-tx-usa-52688","FLS0036","Hostile Union"
"houston-tx-usa-52788","FLS0037","Bad Mutha Goose"
"austin-tx-usa-52888","FLS0038","Bad Mutha Goose"
"austin-tx-usa-52888","FLS0038","Glass Eye"
"austin-tx-usa-52888","FLS0038","Wildseeds"
"dallas-tx-usa-52988","FLS0039","Last Rites"
"athens-ga-usa-60388","FLS0040","Jackonuts"
"atlanta-ga-usa-60488","FLS0041","After Words"
"atlanta-ga-usa-60488","FLS0041","Final Offering"
"chapel-hill-nc-usa-60588","FLS0042","Wwax"
"washington-dc-usa-61588","FLS0043","Bells Of"
"washington-dc-usa-61588","FLS0043","Fire Party"
"hoboken-nj-usa-63088","FLS0044","American Standard"
"leonardtown-md-usa-70288","FLS0045","Moss Icon"
"leonardtown-md-usa-70288","FLS0045","The Hated"
"virginia-beach-va-usa-71688","FLS0046","Fire Party"
"virginia-beach-va-usa-71688","FLS0046","Scream"
"washington-dc-usa-71888","FLS0047","Grim Prospects"
"washington-dc-usa-72888","FLS0048","Ignition"
"washington-dc-usa-72888","FLS0048","Moss Icon"
"washington-dc-usa-72888","FLS0048","Nation of Ulysses"
"washington-dc-usa-80188","FLS0049","Parasite"
"philadelphia-pa-usa-80788","FLS0050","Scram"
"philadelphia-pa-usa-80788","FLS0050","T.C.O"
"washington-dc-usa-91188","FLS0051","Dr. Puke"
"washington-dc-usa-91188","FLS0051","Fire Party"
"washington-dc-usa-91188","FLS0051","Geek"
"washington-dc-usa-91188","FLS0051","I.E."
"washington-dc-usa-91188","FLS0051","The Hated"
"washington-dc-usa-100688","FLS0052","Edsel"
"washington-dc-usa-100688","FLS0052","Honor Role"
"rotterdam-netherlands-101488","FLS0053","Deviated Instinct"
"rotterdam-netherlands-101488","FLS0053","Extreme Noise Terror"
"hoorn-netherlands-101588","FLS0054","The Plot"
"hoorn-netherlands-101588","FLS0054","Vernon Walters"
"gent-belgium-101688","FLS0055","Loveslug"
"gent-belgium-101688","FLS0055","Pat Bone"
"gent-belgium-101688","FLS0055","Silly Surfers"
"gent-belgium-101688","FLS0055","Yeastie Girlz"
"amsterdam-netherlands-101688","FLS0056","No FX"
"amsterdam-netherlands-101688","FLS0056","Subterranean Kids"
"eindhoven-netherlands-101988","FLS0057","Vernon Walters"
"lubeck-germany-102188","FLS0058","Revenge"
"copenhagen-denmark-102288","FLS0059","Empty Wallets"
"oslo-norway-102588","FLS0060","Life But How to Live It"
"hamburg-germany-102788","FLS0061","Gulag"
"berlin-germany-102888","FLS0062","Naked Raygun"
"hannover-germany-102988","FLS0063","Bionic"
"hannover-germany-102988","FLS0063","Militant Mothers"
"bielefeld-germany-103188","FLS0065","Pygmies"
"dusseldorf-germany-110188","FLS0066","Billy & the Willies"
"homburg-germany-110388","FLS0068","Militant Mothers"
"nagold-germany-110488","FLS0069","Militant Mothers"
"nagold-germany-110488","FLS0069","NoNoYesNo"
"nagold-germany-110488","FLS0069","Too Bad"
"augsburg-germany-110588","FLS0070","Militant Mothers"
"zurich-switzerland-110888","FLS0071","Kina"
"ottobrunn-germany-110988","FLS0072","NoNoYesNo"
"ottobrunn-germany-110988","FLS0072","Target of Demand"
"ottobrunn-germany-110988","FLS0072","Yeastie Girlz"
"linz-austria-111088","FLS0073","Target of Demand"
"naples-italy-111688","FLS0076","Randall Flagg"
"milan-italy-111988","FLS0079","Impact"
"milan-italy-111988","FLS0079","Rabid Duck"
"paris-france-112288","FLS0081","Krull"
"london-england-112488","FLS0082","Exit Condition"
"london-england-112488","FLS0082","Playground"
"london-england-112488","FLS0082","Sink"
"liverpool-england-112688","FLS0083","Heresy"
"liverpool-england-112688","FLS0083","Joyce McKinney Experience"
"liverpool-england-112688","FLS0083","Rose Rose"
"nottingham-england-112788","FLS0084","Heresy"
"nottingham-england-112788","FLS0084","Rose Rose"
"nottingham-england-112788","FLS0084","Snuff"
"newport-wales-112888","FLS0085","Slow Jam"
"leeds-england-113088","FLS0087","Joyce McKinney Experience"
"leeds-england-113088","FLS0087","Karma Sutra"
"canterbury-england-120288","FLS0089","Pest Control"
"canterbury-england-120288","FLS0089","Playground"
"london-england-120588","FLS0090","Beatnigs"
"london-england-120588","FLS0090","God"
"eindhoven-netherlands-121688","FLS0091","Beatnigs"
"washington-dc-usa-122988","FLS0092","Raincrow"
"washington-dc-usa-122988","FLS0092","Soulside"
"washington-dc-usa-122988","FLS0092","Verbal Assault"
"frederick-md-usa-11389","FLS0093","Fire Party"
"frederick-md-usa-11389","FLS0093","Ignition"
"frederick-md-usa-11389","FLS0093","Why?"
"washington-dc-usa-12689","FLS0094","Jackhammer Orchestra"
"washington-dc-usa-12689","FLS0094","Nation of Ulysses"
"washington-dc-usa-32489","FLS0095","Edsel"
"washington-dc-usa-32489","FLS0095","Holy Rollers"
"washington-dc-usa-32489","FLS0095","Swiz"
"new-york-ny-usa-40589","FLS0096","Edsel"
"new-york-ny-usa-40589","FLS0096","Manifesto"
"norwalk-ct-usa-40789","FLS0098","Heads Up"
"norwalk-ct-usa-40789","FLS0098","Purple Geezus"
"hoboken-nj-usa-40989","FLS0100","The Blisters"
"morgantown-wv-usa-42889","FLS0101","Grizzly Fiction"
"richmond-va-usa-43089","FLS0102","Alternatives"
"richmond-va-usa-43089","FLS0102","Burma Jam"
"richmond-va-usa-43089","FLS0102","Butter Glove"
"chapel-hill-nc-usa-50189","FLS0103","Mallethead"
"chapel-hill-nc-usa-50189","FLS0103","Sex Police"
"columbia-sc-usa-50289","FLS0104","Bedlam Hour"
"athens-ga-usa-50389","FLS0105","Angle Lake"
"atlanta-ga-usa-50589","FLS0106","After Words"
"atlanta-ga-usa-50589","FLS0106","Butterglove"
"gainesville-fl-usa-50689","FLS0107","Skaface"
"gainesville-fl-usa-50689","FLS0107","Stabilizer"
"gainesville-fl-usa-50689","FLS0107","Subject"
"gainesville-fl-usa-50689","FLS0107","Sweet Baby"
"lafayette-la-usa-50989","FLS0108","Otis"
"fortworth-tx-usa-51189","FLS0109","Burning Temple"
"fortworth-tx-usa-51189","FLS0109","Toadies"
"houston-tx-usa-51289","FLS0110","4 Front"
"houston-tx-usa-51289","FLS0110","Sprawl"
"austin-tx-usa-51389","FLS0111","Bad Mutha Goose"
"austin-tx-usa-51389","FLS0111","Retarded Elf"
"phoenix-az-usa-51689","FLS0112","G-Whiz"
"phoenix-az-usa-51689","FLS0112","Religious Skid"
"los-angeles-ca-usa-51889","FLS0113","Pitchfork"
"los-angeles-ca-usa-51889","FLS0113","Reason to Believe"
"berkeley-ca-usa-52089","FLS0114","Crash Worship"
"berkeley-ca-usa-52089","FLS0114","Pitchfork"
"berkeley-ca-usa-52089","FLS0114","Skinflute"
"berkeley-ca-usa-52089","FLS0114","Vagrants"
"san-francisco-ca-usa-52189","FLS0115","4 Poets"
"san-francisco-ca-usa-52189","FLS0115","Boxcar Darla"
"san-francisco-ca-usa-52189","FLS0115","Operation Ivy"
"san-francisco-ca-usa-52189","FLS0115","Swollen Boss Toad"
"olympia-wa-usa-52689","FLS0116","Beat Happening"
"seattle-wa-usa-52789","FLS0117","Beat Happening"
"salt-lake-city-ut-usa-60189","FLS0118","Draize-Method"
"salt-lake-city-ut-usa-60189","FLS0118","House of Cards"
"salt-lake-city-ut-usa-60189","FLS0118","Leadfellow"
"omaha-ne-usa-60389","FLS0119","Full Force"
"omaha-ne-usa-60389","FLS0119","Insurgence"
"omaha-ne-usa-60389","FLS0119","X-Factor"
"lawrence-ks-usa-60489","FLS0120","Sin City Disciples"
"lawrence-ks-usa-60489","FLS0120","Three Legged Dog"
"lawrence-ks-usa-60489","FLS0120","Ultraman"
"st-louis-mo-usa-60589","FLS0121","Judge Nothing"
"st-louis-mo-usa-60589","FLS0121","Nine Lives"
"champaign-il-usa-60789","FLS0122","Didjits"
"champaign-il-usa-60789","FLS0122","Sixteen Tons"
"rockford-il-usa-60889","FLS0123","Becky's Birthday"
"milwaukee-wi-usa-60989","FLS0124","911"
"milwaukee-wi-usa-60989","FLS0124","Chris Twining"
"milwaukee-wi-usa-60989","FLS0124","Jesus Manson"
"chicago-il-usa-61089","FLS0125","Defoilants"
"chicago-il-usa-61089","FLS0125","Groove Diggers"
"minneapolis-mn-usa-61189","FLS0126","Iowa Beef Experience"
"green-bay-wi-usa-61289","FLS0127","Rosary"
"green-bay-wi-usa-61289","FLS0127","Slow Children"
"toledo-oh-usa-61489","FLS0128","Herb Tarlicks"
"toledo-oh-usa-61489","FLS0128","Outface"
"cleveland-oh-usa-61589","FLS0129","Knifedance"
"cleveland-oh-usa-61589","FLS0129","Sacred Hate"
"pittsburgh-pa-usa-61689","FLS0130","Pleasureheads"
"washington-dc-usa-62289","FLS0131","Fidelity Jones"
"washington-dc-usa-62289","FLS0131","Ignition"
"washington-dc-usa-62289","FLS0131","Red Emma"
"washington-dc-usa-71989","FLS0132","Bad Mutha Goose"
"washington-dc-usa-72089","FLS0133","Bad Mutha Goose"
"washington-dc-usa-82889","FLS0134","Ignobles"
"washington-dc-usa-82889","FLS0134","Soulside"
"washington-dc-usa-92289","FLS0135","Jawbox"
"washington-dc-usa-92289","FLS0135","Shudder to Think"
"philadelphia-pa-usa-92389","FLS0136","Scram"
"philadelphia-pa-usa-92389","FLS0136","Two Hundred Stitches"
"lancaster-pa-usa-92489","FLS0137","Passed"
"lancaster-pa-usa-92489","FLS0137","Stand Up"
"new-brunswick-nj-usa-92589","FLS0138","Bouncing Souls"
"new-brunswick-nj-usa-92589","FLS0138","Chickenscratch"
"schenectady-ny-usa-92689","FLS0139","Dead Stop"
"schenectady-ny-usa-92689","FLS0139","Supertouch"
"ottawa-on-canada-92989","FLS0140","Harsh Reality"
"ottawa-on-canada-92989","FLS0140","The Trapt"
"guelph-on-canada-93089","FLS0141","Noise Floor"
"guelph-on-canada-93089","FLS0141","Shades Apart"
"toronto-on-canada-100189","FLS0142","Guilt Parade"
"toronto-on-canada-100189","FLS0142","Phleg Camp"
"rochester-ny-usa-100289","FLS0143","Hunger Artist"
"rochester-ny-usa-100289","FLS0143","Pressurehead"
"burlington-vt-usa-100489","FLS0144","Worship"
"providence-ri-usa-100589","FLS0145","Jungle Dogs"
"providence-ri-usa-100589","FLS0145","Rain Forest"
"cambridge-ma-usa-100689","FLS0146","Cabal"
"cambridge-ma-usa-100689","FLS0146","Trustfall"
"norwalk-ct-usa-100789","FLS0147","Fun House"
"norwalk-ct-usa-100789","FLS0147","Shades Apart"
"hoboken-nj-usa-100889","FLS0148","Holy Rollers"
"new-york-ny-usa-100989","FLS0149","Holy Rollers"
"washington-dc-usa-101589","FLS0150","200 Stitches"
"washington-dc-usa-101589","FLS0150","All White Jury"
"washington-dc-usa-101589","FLS0150","Cabal"
"washington-dc-usa-101589","FLS0150","Caroline Ely"
"washington-dc-usa-101589","FLS0150","Choke"
"washington-dc-usa-101589","FLS0150","Daryl Stover"
"washington-dc-usa-101589","FLS0150","Dog Born Society"
"washington-dc-usa-101589","FLS0150","Fidelity Jones"
"washington-dc-usa-101589","FLS0150","Juliana Experience"
"washington-dc-usa-101589","FLS0150","Lungfish"
"washington-dc-usa-101589","FLS0150","Moss Icon"
"washington-dc-usa-101589","FLS0150","Neverman"
"washington-dc-usa-101589","FLS0150","Tiik"
"washington-dc-usa-101589","FLS0150","Transilience"
"washington-dc-usa-101589","FLS0150","Weatherhead"
"amsterdam-netherlands-110389","FLS0151","Swamp surfers"
"canterbury-england-111389","FLS0153","Snuff"
"brighton-england-111489","FLS0154","Sex and The Sand"
"brighton-england-111489","FLS0154","Silverfish"
"portsmouth-england-111589","FLS0155","AC Temple"
"exeter-england-111689","FLS0156","Mad at the Sun"
"exeter-england-111689","FLS0156","Perfect Daze"
"birmingham-england-111989","FLS0157","Anhrefn"
"birmingham-england-111989","FLS0157","Visions of Change"
"leeds-england-112089","FLS0158","Chumbawamba"
"leeds-england-112089","FLS0158","Thatcher on Acid"
"nottingham-england-112189","FLS0159","Drive"
"nottingham-england-112189","FLS0159","Fudgetunnel"
"nottingham-england-112189","FLS0159","Sofahead"
"nottingham-england-112189","FLS0159","Visions of Change"
"bristol-england-112289","FLS0160","Anhrefn"
"bristol-england-112289","FLS0160","Visions of Change"
"dublin-ireland-112389","FLS0161","Not Our World"
"dublin-ireland-112389","FLS0161","The Slowest Clock"
"belfast-northern-ireland-112489","FLS0162","Fual"
"liverpool-england-112589","FLS0163","Can't Decide"
"liverpool-england-112589","FLS0163","Visions of Change"
"newcastle-england-112689","FLS0164","Crane"
"newcastle-england-112689","FLS0164","God's Ultimate Noise"
"glasgow-scotland-112789","FLS0165","Dawson"
"glasgow-scotland-112789","FLS0165","Stretch Heads"
"manchester-england-112889","FLS0166","Jailhouse Recipes"
"london-england-112989","FLS0167","Joyce McKinney Exp."
"london-england-112989","FLS0167","Senseless Things"
"hamburg-germany-120289","FLS0168","Visions of Change"
"berlin-germany-120389","FLS0169","Visions of Change"
"heidelberg-germany-120489","FLS0170","Visions of Change"
"munich-germany-120589","FLS0171","Visions of Change"
"bielefeld-germany-120689","FLS0172","Visions of Change"
"groningen-netherlands-120789","FLS0173","Visions of Change"
"eindhoven-netherlands-120889","FLS0174","All"
"eindhoven-netherlands-120889","FLS0174","Visions of Change"
"amsterdam-netherlands-120989","FLS0175","Visions of Change"
"paris-france-121189","FLS0176","Apologize"
"paris-france-121189","FLS0176","GI Love"
"paris-france-121189","FLS0176","The Swinging Scene"
"washington-dc-usa-12790","FLS0177","Fidelity Jones"
"washington-dc-usa-12790","FLS0177","Lucy Brown"
"baltimore-md-usa-21190","FLS0178","Bazooka Joe"
"baltimore-md-usa-21190","FLS0178","Jawbox"
"baltimore-md-usa-21190","FLS0178","Outcrowd"
"frederick-md-usa-21690","FLS0179","Scram"
"frederick-md-usa-21690","FLS0179","Why?"
"richmond-va-usa-22590","FLS0180","Nation of Ulysses"
"washington-dc-usa-30890","FLS0181","Geek"
"washington-dc-usa-30890","FLS0181","Sonic Youth"
"washington-dc-usa-30890","FLS0181","Unlimited Groove"
"virginia-beach-va-usa-31090","FLS0182","Funk Junkies"
"virginia-beach-va-usa-31090","FLS0182","Grog"
"harrisonburg-va-usa-31190","FLS0183","Sexual Milkshake"
"greensboro-nc-usa-31290","FLS0184","Sex Police"
"florence-sc-usa-31390","FLS0185","Allen Johnson the Soundman"
"athens-ga-usa-31490","FLS0186","Rein Sanction"
"atlanta-ga-usa-31590","FLS0187","Porn Orchard"
"gainesville-fl-usa-31690","FLS0188","Stabilizer"
"orlando-fl-usa-31790","FLS0189","Damage"
"pensacola-fl-usa-31990","FLS0190","Headless Marines"
"hattiesburg-ms-usa-32090","FLS0191","Flinghammer"
"new-orleans-la-usa-32190","FLS0192","Red Army"
"nashville-tn-usa-32390","FLS0193","Clockhammer"
"knoxville-tn-usa-32490","FLS0194","Whitey"
"chapel-hill-nc-usa-32590","FLS0195","Bricks"
"northampton-ma-usa-41490","FLS0197","Brood"
"northampton-ma-usa-41490","FLS0197","Holy Rollers"
"northampton-ma-usa-41490","FLS0197","Sex Kitchen"
"northampton-ma-usa-41490","FLS0197","Vampire Lezbos"
"boston-ma-usa-42090","FLS0198","Scram"
"boston-ma-usa-42090","FLS0198","Scudder"
"providence-ri-usa-42190","FLS0199","Firehose"
"columbia-md-usa-42790","FLS0200","Bonehead"
"columbia-md-usa-42790","FLS0200","Holy Rollers"
"memphis-tn-usa-50290","FLS0201","Hateful Day"
"little-rock-ar-usa-50390","FLS0202","Trusty"
"dallas-tx-usa-50490","FLS0203","Last Rites"
"austin-tx-usa-50590","FLS0204","Glass Eye"
"austin-tx-usa-50590","FLS0204","Spot"
"houston-tx-usa-50690","FLS0205","Refuse to Fall"
"houston-tx-usa-50690","FLS0205","Skatenigs"
"san-antonio-tx-usa-50790","FLS0206","Evil Mothers"
"san-antonio-tx-usa-50790","FLS0206","Hungry Dog"
"tucson-az-usa-51190","FLS0207","Fuel"
"tucson-az-usa-51190","FLS0207","Monsula"
"phoenix-az-usa-51290","FLS0208","Mother Helper"
"phoenix-az-usa-51290","FLS0208","Stench"
"encinitas-ca-usa-51590","FLS0209","Fishwife"
"encinitas-ca-usa-51590","FLS0209","Pitchfork"
"reseda-ca-usa-51690","FLS0210","Beat Happening"
"reseda-ca-usa-51690","FLS0210","Hunger Farm"
"reseda-ca-usa-51790","FLS0211","Beat Happening"
"reseda-ca-usa-51790","FLS0211","Reason to Believe"
"isla-vista-ca-usa-51890","FLS0212","Beat Happening"
"isla-vista-ca-usa-51890","FLS0212","Downcast"
"san-francisco-ca-usa-51990","FLS0213","Beat Happening"
"san-francisco-ca-usa-51990","FLS0213","High Risk Dancers"
"san-francisco-ca-usa-51990","FLS0213","Theater of Absurd"
"san-francisco-ca-usa-51990","FLS0213","Valerie"
"berkeley-ca-usa-52090","FLS0214","Beat Happening"
"berkeley-ca-usa-52090","FLS0214","Monsula"
"berkeley-ca-usa-52090","FLS0214","Pez"
"berkeley-ca-usa-52090","FLS0214","The Offspring"
"chico-ca-usa-52490","FLS0215","Beat Happening"
"eureka-ca-usa-52590","FLS0216","Beat Happening"
"eugene-or-usa-52690","FLS0217","Beat Happening"
"eugene-or-usa-52690","FLS0217","Calamity Jane"
"bellingham-wa-usa-53090","FLS0218","Beat Happening"
"bellingham-wa-usa-53090","FLS0218","Seaweed"
"portland-or-usa-53190","FLS0219","Beat Happening"
"seattle-wa-usa-60190","FLS0220","Beat Happening"
"olympia-wa-usa-60290","FLS0221","Beat Happening"
"olympia-wa-usa-60290","FLS0221","Mecca Normal"
"missoula-mt-usa-60490","FLS0222","The Banned"
"salt-lake-city-ut-usa-60690","FLS0223","Fifteen"
"salt-lake-city-ut-usa-60690","FLS0223","Filth"
"salt-lake-city-ut-usa-60690","FLS0223","Insight"
"salt-lake-city-ut-usa-60690","FLS0223","Stench"
"denver-co-usa-60890","FLS0224","Hobbledyhoy"
"denver-co-usa-60890","FLS0224","Keep In Mind"
"omaha-ne-usa-61090","FLS0225","C. Palmquist's Band"
"omaha-ne-usa-61090","FLS0225","Fish Hippos"
"omaha-ne-usa-61090","FLS0225","Sideshow"
"lawrence-ks-usa-61190","FLS0226","Joe Worker"
"lawrence-ks-usa-61190","FLS0226","Sin City Disciples"
"fayetteville-ar-usa-61290","FLS0227","Faith Dealers"
"st-louis-mo-usa-61390","FLS0228","Dogfight"
"st-louis-mo-usa-61390","FLS0228","Ultraman"
"chicago-il-usa-61490","FLS0229","Trenchmouth"
"waukesha-wi-usa-61590","FLS0230","Trademark"
"minneapolis-mn-usa-61690","FLS0231","Funseekers"
"minneapolis-mn-usa-61690","FLS0231","Guilt Parade"
"green-bay-wi-usa-61890","FLS0232","Jasmine Road Affair"
"green-bay-wi-usa-61890","FLS0232","Nerve Circus"
"madison-wi-usa-61990","FLS0233","Eight Bark"
"madison-wi-usa-61990","FLS0233","Fifteen"
"flint-mi-usa-62190","FLS0234","Jawbox"
"flint-mi-usa-62190","FLS0234","Mondocane"
"detroit-mi-usa-62290","FLS0235","Hay"
"detroit-mi-usa-62290","FLS0235","Jawbox"
"ann-arbor-mi-usa-62390","FLS0236","Phünhögg"
"ann-arbor-mi-usa-62390","FLS0236","Ward"
"kalamazoo-mi-usa-62490","FLS0237","Jawbox"
"kalamazoo-mi-usa-62490","FLS0237","Mannequin Hand"
"kalamazoo-mi-usa-62490","FLS0237","Slap of Reality"
"toledo-oh-usa-62590","FLS0238","Clodhopper"
"toledo-oh-usa-62590","FLS0238","Gangster Fun"
"toledo-oh-usa-62590","FLS0238","Trenchmouth"
"louisville-ky-usa-62690","FLS0239","Crain"
"dayton-oh-usa-62790","FLS0240","Dryrot"
"dayton-oh-usa-62790","FLS0240","Fifteen"
"akron-oh-usa-62890","FLS0241","Holy Rollers"
"akron-oh-usa-62890","FLS0241","Hyper as Hell"
"pittsburgh-pa-usa-62990","FLS0242","210"
"morgantown-wv-usa-63090","FLS0243","One"
"washington-dc-usa-70690","FLS0244","Crash Worship"
"washington-dc-usa-70690","FLS0244","False Face Society"
"hoorn-netherlands-90190","FLS0245","Vernon Walters"
"amsterdam-netherlands-90490","FLS0247","So Much Hate"
"amsterdam-netherlands-90490","FLS0247","Thatcher on Acid"
"eindhoven-netherlands-90590","FLS0248","Thatcher on Acid"
"enschede-netherlands-90690","FLS0249","Thatcher on Acid"
"rotterdam-netherlands-90790","FLS0250","Thatcher on Acid"
"wageningen-netherlands-90890","FLS0251","Les Rats"
"wageningen-netherlands-90890","FLS0251","Pericolo Di Morte"
"wageningen-netherlands-90890","FLS0251","Thatcher on Acid"
"bristol-england-91090","FLS0252","Can't Decide"
"bristol-england-91090","FLS0252","Inside Out"
"liverpool-england-91190","FLS0253","Drive"
"liverpool-england-91190","FLS0253","HDQ"
"leeds-england-91290","FLS0254","Nerverack"
"leeds-england-91290","FLS0254","Slum Turkeys"
"nottingham-england-91390","FLS0255","Crane"
"nottingham-england-91390","FLS0255","Insight"
"nottingham-england-91390","FLS0255","Sink"
"newcastle-england-91490","FLS0256","God's Ultimate Noise"
"newcastle-england-91490","FLS0256","Puppy Fat"
"edinburgh-scotland-91590","FLS0257","Dr. Phibes and the House of Wax Equations"
"belfast-northern-ireland-91690","FLS0258","DFA"
"belfast-northern-ireland-91690","FLS0258","Unsound"
"dublin-ireland-91790","FLS0259","Rhythmites"
"dublin-ireland-91790","FLS0259","Therapy?"
"birmingham-england-91890","FLS0260","Fudgetunnel"
"birmingham-england-91890","FLS0260","Spermbirds"
"london-england-91990","FLS0261","Didgets"
"london-england-91990","FLS0261","Silverfish"
"herne-bay-england-92090","FLS0262","ATV"
"geel-belgium-92290","FLS0263","Alice Donut"
"aalst-belgium-92390","FLS0264","Alice Donut"
"bremen-germany-92590","FLS0265","So Much Hate"
"hamburg-germany-92690","FLS0266","So Much Hate"
"copenhagen-denmark-92790","FLS0267","2000 DS"
"copenhagen-denmark-92790","FLS0267","False Prophets"
"copenhagen-denmark-92790","FLS0267","MDC"
"copenhagen-denmark-92790","FLS0267","Ravings"
"oslo-norway-92890","FLS0268","Life But How to Live It"
"tromso-norway-92990","FLS0269","Life But How to Live It"
"trondheim-norway-93090","FLS0270","Life But How to Live It"
"gavle-sweden-100190","FLS0271","Steve Pops"
"linkoping-sweden-100290","FLS0272","Fisheye"
"pila-poland-100490","FLS0273","Alliance"
"pila-poland-100490","FLS0273","Collaborators"
"warsaw-poland-100590","FLS0274","Collaborators"
"zgorzelec-poland-100690","FLS0275","Collaborators"
"berlin-germany-100790","FLS0276","Urge"
"bielefeld-germany-100890","FLS0277","Flexx"
"bielefeld-germany-100890","FLS0277","Urge"
"hannover-germany-100990","FLS0278","Urge"
"oberhausen-germany-101090","FLS0279","Urge"
"wurzburg-germany-101190","FLS0280","Urge"
"mainz-germany-101290","FLS0281","Urge"
"stuttgart-germany-101390","FLS0282","Urge"
"munich-germany-101490","FLS0283","NoNoYesNo"
"munich-germany-101490","FLS0283","Urge"
"ulm-germany-101690","FLS0284","Urge"
"zurich-switzerland-101790","FLS0285","Urge"
"dornbirn-austria-101890","FLS0286","Seven Sioux"
"dornbirn-austria-101890","FLS0286","Urge"
"wels-austria-101990","FLS0287","Urge"
"vienna-austria-102090","FLS0288","No Fish On Friday"
"vienna-austria-102090","FLS0288","Seven Sioux"
"vienna-austria-102090","FLS0288","Urge"
"ljubljana-yugoslavia-102190","FLS0289","It s Not For Sale"
"zagreb-yugoslavia-102290","FLS0290","Urge"
"udine-italy-102490","FLS0291","Bambine"
"rome-italy-102790","FLS0294","Ratos de Porão"
"lyon-france-103090","FLS0297","G.I. Love"
"lyon-france-103090","FLS0297","Victim's Family"
"poitiers-france-110390","FLS0300","Parkinson Square"
"paris-france-110590","FLS0302","Dirty District"
"amsterdam-netherlands-110790","FLS0304","The Ex"
"washington-dc-usa-10291","FLS0306","Autoclave"
"washington-dc-usa-10391","FLS0307","Unrest"
"washington-dc-usa-21591","FLS0309","Admiral"
"washington-dc-usa-21591","FLS0309","Nation of Ulysses"
"richmond-va-usa-22091","FLS0310","Breadwinner"
"richmond-va-usa-22091","FLS0310","Coral"
"philadelphia-pa-usa-30291","FLS0311","Random Children"
"philadelphia-pa-usa-30291","FLS0311","Youth Tsunami"
"lancaster-pa-usa-30391","FLS0312","Admiral"
"lancaster-pa-usa-30391","FLS0312","Brom Bones"
"new-york-ny-usa-30491","FLS0313","The Deviators"
"new-york-ny-usa-30591","FLS0314","Beat Happening"
"hoboken-nj-usa-30691","FLS0315","Beat Happening"
"storrs-ct-usa-30791","FLS0316","Autoclave"
"storrs-ct-usa-30791","FLS0316","Beat Happening"
"storrs-ct-usa-30791","FLS0316","Nation of Ulysses"
"amherst-ma-usa-30991","FLS0317","The Brood"
"amherst-ma-usa-30991","FLS0317","ZuZu's Pedals"
"latham-ny-usa-31091","FLS0318","Spit Pope"
"latham-ny-usa-31091","FLS0318","Sweet Lizard Illtet"
"buffalo-ny-usa-31191","FLS0319","Quicksand"
"syracuse-ny-usa-31291","FLS0320","Quicksand"
"syracuse-ny-usa-31291","FLS0320","Wiggle Posse"
"burlington-vt-usa-31491","FLS0321","Black Hairy Tongue"
"portland-me-usa-31591","FLS0322","Vampire Lezbos"
"worcester-ma-usa-31691","FLS0323","Bad Art Ensemble"
"worcester-ma-usa-31691","FLS0323","Busting Out"
"boston-ma-usa-31791","FLS0324","Eye For An Eye"
"boston-ma-usa-31791","FLS0324","Seven League Boots"
"providence-ri-usa-31891","FLS0325","Seven League Boots"
"providence-ri-usa-31891","FLS0325","Uber Alles"
"trenton-nj-usa-31991","FLS0326","Ween"
"washington-dc-usa-41291","FLS0327","Autoclave"
"washington-dc-usa-41291","FLS0327","Citizen Fish"
"washington-dc-usa-41291","FLS0327","Cringer"
"new-york-ny-usa-42091","FLS0328","Desiderata"
"virginia-beach-va-usa-50191","FLS0329","Buzzard"
"virginia-beach-va-usa-50191","FLS0329","False Sacrament"
"greensboro-nc-usa-50291","FLS0330","Well Nigh Forgotten"
"chapel-hill-nc-usa-50391","FLS0331","Sebadoh"
"chapel-hill-nc-usa-50391","FLS0331","Superchunk"
"charlotte-nc-usa-50491","FLS0332","Sebadoh"
"knoxville-tn-usa-50591","FLS0333","Whitey"
"nashville-tn-usa-50791","FLS0334","Clockhammer"
"huntsville-al-usa-50891","FLS0335","OCB"
"huntsville-al-usa-50891","FLS0335","Random Conflict"
"columbia-sc-usa-51091","FLS0336","Bedlam Hour"
"athens-ga-usa-51191","FLS0337","Porn Orchard"
"atlanta-ga-usa-51291","FLS0338","Daisy"
"atlanta-ga-usa-51291","FLS0338","Fiddlehead"
"savannah-ga-usa-51391","FLS0339","Slow Worm"
"savannah-ga-usa-51391","FLS0339","Snout"
"tampa-fl-usa-51591","FLS0341","Dirt"
"miami-fl-usa-51691","FLS0342","Believers"
"miami-fl-usa-51691","FLS0342","Funkhouser"
"orlando-fl-usa-51791","FLS0343","Adventures In Immortality"
"orlando-fl-usa-51791","FLS0343","Dirt"
"gainesville-fl-usa-51891","FLS0344","Strong Box"
"pensacola-fl-usa-52091","FLS0345","Quit"
"birmingham-al-usa-52191","FLS0346","Hardy Har Har"
"memphis-tn-usa-52291","FLS0347","Grifters"
"little-rock-ar-usa-52391","FLS0348","Trusty"
"dallas-tx-usa-52491","FLS0349","Agitators"
"austin-tx-usa-52591","FLS0350","Glass Eye"
"austin-tx-usa-52591","FLS0350","Ufungusumungus"
"houston-tx-usa-52691","FLS0351","Shoulders"
"edmond-ok-usa-53091","FLS0352","Angry Son"
"edmond-ok-usa-53091","FLS0352","For Love Not Lisa"
"lawrence-ks-usa-53191","FLS0353","Germbox"
"lawrence-ks-usa-53191","FLS0353","Ultraman"
"fayetteville-ar-usa-60191","FLS0354","Trustee"
"springfield-mo-usa-60291","FLS0355","Now or Never"
"springfield-mo-usa-60291","FLS0355","Walking Octopus"
"columbia-mo-usa-60391","FLS0356","Church of Bowling"
"st-louis-mo-usa-60491","FLS0357","Algoa Road"
"st-louis-mo-usa-60491","FLS0357","Ultraman"
"champaign-il-usa-60691","FLS0358","Billingsgate"
"champaign-il-usa-60691","FLS0358","Poster Children"
"indianapolis-in-usa-60791","FLS0359","Birdman of Alcatraz"
"indianapolis-in-usa-60791","FLS0359","Modern Vending"
"indianapolis-in-usa-60791","FLS0359","Sloppy Seconds"
"louisville-ky-usa-60891","FLS0360","Plastic Jesus"
"lexington-ky-usa-60991","FLS0361","Loophole"
"lexington-ky-usa-60991","FLS0361","Stranglemartins"
"cincinnati-oh-usa-61091","FLS0362","Plastic Jesus"
"dayton-oh-usa-61191","FLS0363","Dryrot"
"dayton-oh-usa-61191","FLS0363","Method"
"dayton-oh-usa-61191","FLS0363","Stronghold"
"columbus-oh-usa-61291","FLS0364","Carbuncle"
"cleveland-oh-usa-61391","FLS0365","Sleazy Jesus and the Splatter Pigs"
"pittsburgh-pa-usa-61491","FLS0366","Jawbox"
"washington-dc-usa-61791","FLS0367","No Means No"
"washington-dc-usa-61791","FLS0367","The Ex"
"washington-dc-usa-72891","FLS0368","Bratmobile"
"washington-dc-usa-72891","FLS0368","DJ Steve Gamboa"
"washington-dc-usa-72991","FLS0369","Nipplehead"
"montreal-qc-canada-80291","FLS0370","Bliss"
"ottawa-on-canada-80391","FLS0371","Malhavoc"
"toronto-on-canada-80491","FLS0372","Pure"
"toronto-on-canada-80491","FLS0372","Scott B Sympathy"
"detroit-mi-usa-80591","FLS0373","Gangster Fun"
"detroit-mi-usa-80591","FLS0373","Nation of Ulysses"
"kalamazoo-mi-usa-80691","FLS0374","Nation of Ulysses"
"kalamazoo-mi-usa-80691","FLS0374","Trenchmouth"
"chicago-il-usa-80891","FLS0375","Nation of Ulysses"
"chicago-il-usa-80891","FLS0375","Pegboy"
"madison-wi-usa-80991","FLS0376","Naked Agression"
"madison-wi-usa-80991","FLS0376","Nation of Ulysses"
"madison-wi-usa-80991","FLS0376","Natural Causes"
"milwaukee-wi-usa-81091","FLS0377","Drawblank"
"milwaukee-wi-usa-81091","FLS0377","Muckrakers"
"milwaukee-wi-usa-81091","FLS0377","Nation of Ulysses"
"green-bay-wi-usa-81191","FLS0378","Nation of Ulysses"
"minneapolis-mn-usa-81291","FLS0379","John Ivan Palmer (Hypnotist)"
"minneapolis-mn-usa-81291","FLS0379","Nation of Ulysses"
"fargo-nd-usa-81391","FLS0380","Nation of Ulysses"
"fargo-nd-usa-81391","FLS0380","Watermelon Sandwich"
"winnipeg-mb-canada-81491","FLS0381","Carpe Diem"
"winnipeg-mb-canada-81491","FLS0381","Propagandhi"
"regina-sk-canada-81591","FLS0382","Mrs. Svenson"
"regina-sk-canada-81591","FLS0382","Tank Hog"
"calgary-ab-canada-81791","FLS0383","Skin Barn"
"calgary-ab-canada-81791","FLS0383","Skull Bunny"
"vancouver-bc-canada-81991","FLS0384","10 Feet High"
"vancouver-bc-canada-81991","FLS0384","Fastbacks"
"vancouver-bc-canada-81991","FLS0384","Me Mom & Morgentaler"
"vancouver-bc-canada-81991","FLS0384","Smugglers"
"olympia-wa-usa-82591","FLS0385","High Performance"
"olympia-wa-usa-82591","FLS0385","L7"
"olympia-wa-usa-82591","FLS0385","Some Velvet Sidewalk"
"seattle-wa-usa-82691","FLS0386","Beat Happening"
"seattle-wa-usa-82691","FLS0386","Nation of Ulysses"
"portland-or-usa-82791","FLS0387","Beat Happening"
"portland-or-usa-82791","FLS0387","Nation of Ulysses"
"petaluma-ca-usa-83091","FLS0388","Nation of Ulysses"
"petaluma-ca-usa-83091","FLS0388","Toast"
"oakland-ca-usa-83191","FLS0389","Her Majesty's Baby"
"oakland-ca-usa-83191","FLS0389","Nation of Ulysses"
"oakland-ca-usa-83191","FLS0389","Richard Loranger"
"berkeley-ca-usa-90191","FLS0390","Bikini Kill"
"berkeley-ca-usa-90191","FLS0390","Nation of Ulysses"
"berkeley-ca-usa-90191","FLS0390","Tribate"
"berkeley-ca-usa-90191","FLS0390","Vagrants"
"sacramento-ca-usa-90391","FLS0391","Elegy"
"sacramento-ca-usa-90391","FLS0391","Seaweed"
"fresno-ca-usa-90491","FLS0392","Plaid Retina"
"fresno-ca-usa-90491","FLS0392","Sharon Tate"
"isla-vista-ca-usa-90591","FLS0393","End of The Line"
"isla-vista-ca-usa-90591","FLS0393","Jawbreaker"
"jawbone-canyon-ca-usa-90691","FLS0394","Pop Defect"
"jawbone-canyon-ca-usa-90691","FLS0394","Sandy Duncan’s Eye"
"jawbone-canyon-ca-usa-90691","FLS0394","TVTV$"
"jawbone-canyon-ca-usa-90691","FLS0394","The Fumes"
"jawbone-canyon-ca-usa-90691","FLS0394","The Offspring"
"jawbone-canyon-ca-usa-90691","FLS0394","The Paper Tulips"
"jawbone-canyon-ca-usa-90691","FLS0394","This Great Religion"
"los-angeles-ca-usa-90891","FLS0395","411"
"los-angeles-ca-usa-90891","FLS0395","The Offspring"
"phoenix-az-usa-90991","FLS0396","Beats the Hell Outta Me"
"phoenix-az-usa-90991","FLS0396","Horace Pinker"
"albuquerque-nm-usa-91191","FLS0397","Big Damn Crazy Weight"
"albuquerque-nm-usa-91191","FLS0397","Crack in the Sidewalk"
"denver-co-usa-91391","FLS0398","Lilawatt"
"denver-co-usa-91391","FLS0398","Savalas"
"lincoln-ne-usa-91491","FLS0399","Ritual Device"
"lincoln-ne-usa-91491","FLS0399","Sideshow"
"lincoln-ne-usa-91491","FLS0399","Vertigo"
"geelong-vic-australia-101791","FLS0400","Tumbleweed"
"geelong-vic-australia-101791","FLS0400","Warped"
"melbourne-vic-australia-101891","FLS0401","Evan Dando"
"melbourne-vic-australia-101891","FLS0401","Kim Salmon"
"melbourne-vic-australia-101891","FLS0401","Spiderbait"
"croydon-vic-australia-101991","FLS0402","Dweebs"
"croydon-vic-australia-101991","FLS0402","Nursery Crimes"
"melbourne-vic-australia-102091","FLS0403","Guttersnipes"
"melbourne-vic-australia-102091","FLS0403","Tumbleweed"
"adelaide-sa-australia-102291","FLS0404","Baba Ganous"
"canberra-nsw-australia-102391","FLS0405","Adrenaline"
"canberra-nsw-australia-102391","FLS0405","Gut Slug"
"sydney-nsw-australia-102591","FLS0406","Crow"
"sydney-nsw-australia-102591","FLS0406","Evan Dando"
"sydney-nsw-australia-102591","FLS0406","Headache"
"manly-nsw-australia-102691","FLS0407","Def FX"
"manly-nsw-australia-102691","FLS0407","Hellman"
"sydney-nsw-australia-102791","FLS0408","Mass Appeal"
"sydney-nsw-australia-102791","FLS0408","Nunbait"
"gold-coast-qld-australia-110191","FLS0409","Self Inflicted"
"gold-coast-qld-australia-110191","FLS0409","Thrust"
"brisbane-qld-australia-110291","FLS0410","Dream Killers"
"brisbane-qld-australia-110291","FLS0410","Fat"
"brisbane-qld-australia-110291","FLS0410","Nunbait"
"byron-bay-nsw-australia-110391","FLS0411","Nunbait"
"byron-bay-nsw-australia-110391","FLS0411","Wrathbone"
"auckland-new-zealand-110891","FLS0412","SPUD"
"auckland-new-zealand-110891","FLS0412","Salad Daze"
"auckland-new-zealand-110891","FLS0412","Second Child"
"tokyo-japan-111191","FLS0413","Superdumb"
"tokyo-japan-111191","FLS0413","Volume Dealers"
"tokyo-japan-111291","FLS0414","Bloodthirsty Butchers"
"tokyo-japan-111291","FLS0414","Gut Slug"
"osaka-japan-111491","FLS0415","Shonen Knife"
"osaka-japan-111491","FLS0415","UFO or Die"
"honolulu-hi-usa-111891","FLS0416","Social Ignorance"
"washington-dc-usa-120891","FLS0417","Unrest"
"los-angeles-ca-usa-12492","FLS0418","L7"
"los-angeles-ca-usa-12492","FLS0418","Lunachicks"
"los-angeles-ca-usa-12492","FLS0418","Pearl Jam"
"los-angeles-ca-usa-12492","FLS0418","Torture Chorus"
"los-angeles-ca-usa-12592","FLS0419","Lunachicks"
"los-angeles-ca-usa-12592","FLS0419","Wool"
"washington-dc-usa-30692","FLS0420","Haymaker"
"washington-dc-usa-30692","FLS0420","Mr. Candyeater"
"washington-dc-usa-40392","FLS0421","L7"
"washington-dc-usa-40392","FLS0421","Scrawl"
"washington-dc-usa-40492","FLS0422","Bikini Kill"
"washington-dc-usa-40492","FLS0422","L7"
"philadelphia-pa-usa-40692","FLS0423","High Karate"
"philadelphia-pa-usa-40692","FLS0423","Scrawl"
"hoboken-nj-usa-40792","FLS0424","Haymaker"
"new-york-ny-usa-40892","FLS0425","Come"
"new-york-ny-usa-40892","FLS0425","Shudder to Think"
"bennington-vt-usa-41092","FLS0427","Lunachicks"
"worcester-ma-usa-41192","FLS0428","Alloy"
"worcester-ma-usa-41192","FLS0428","Grind"
"portland-me-usa-41292","FLS0429","Vampire Lezbos"
"new-haven-ct-usa-41392","FLS0430","Livestock"
"new-haven-ct-usa-41392","FLS0430","Shudder to Think"
"trenton-nj-usa-41492","FLS0431","Shudder to Think"
"amsterdam-netherlands-50192","FLS0432","De Kift"
"amsterdam-netherlands-50192","FLS0432","JamJar"
"amsterdam-netherlands-50192","FLS0432","Shudder to Think"
"amsterdam-netherlands-50192","FLS0432","Tom Cora"
"whitstable-england-50492","FLS0433","Playground"
"portsmouth-england-50592","FLS0434","Leatherface"
"portsmouth-england-50592","FLS0434","Scizzormen"
"cambridge-england-50692","FLS0435","Creed"
"cambridge-england-50692","FLS0435","Smile"
"norwich-england-50792","FLS0436","Goober Patrol"
"norwich-england-50792","FLS0436","Leatherface"
"norwich-england-50792","FLS0436","Pitchshifter"
"nottingham-england-50892","FLS0437","Bivouac"
"nottingham-england-50892","FLS0437","Pitchshifter"
"london-england-50992","FLS0438","Jesus Lizard"
"london-england-50992","FLS0438","Leatherface"
"london-england-50992","FLS0438","Shudder to Think"
"dublin-ireland-51192","FLS0439","Chumbawamba"
"dublin-ireland-51192","FLS0439","In Motion"
"belfast-northern-ireland-51292","FLS0440","Tension"
"manchester-england-51492","FLS0441","Crane"
"manchester-england-51492","FLS0441","Mexican Pet"
"newcastle-england-51592","FLS0442","Puppy Fat"
"glasgow-scotland-51692","FLS0443","Chumbawamba"
"glasgow-scotland-51692","FLS0443","Dawson"
"glasgow-scotland-51692","FLS0443","Silverfish"
"bradford-england-51792","FLS0444","Crane"
"bradford-england-51792","FLS0444","Fudge Tunnel"
"groningen-netherlands-52092","FLS0445","Girls Vs. Boys"
"den-bosch-netherlands-52192","FLS0446","Girls Vs. Boys"
"tongeren-belgium-52292","FLS0447","Girls Vs. Boys"
"tongeren-belgium-52292","FLS0447","Grooveline Vendetta"
"venlo-netherlands-52392","FLS0448","Girls Vs. Boys"
"den-haag-netherlands-52492","FLS0449","Girls Vs. Boys"
"diksmuide-belgium-52692","FLS0450","Girls Vs. Boys"
"paris-france-52792","FLS0451","Girls Vs. Boys"
"paris-france-52792","FLS0451","M.A.T."
"poitiers-france-52892","FLS0452","Dirty District"
"bordeaux-france-52992","FLS0453","Blind Folded"
"bordeaux-france-52992","FLS0453","Dirty Hands"
"barcelona-spain-53192","FLS0455","Subterranean Kids"
"madrid-spain-60292","FLS0456","Ink"
"zaragoza-spain-60392","FLS0457","Ink"
"torino-italy-60592","FLS0458","Free The Nation"
"pisa-italy-60692","FLS0459","Glommin Geek"
"padova-italy-60992","FLS0462","Frutteti Riarsi"
"ljubljana-slovenia-61092","FLS0463","Junkfish"
"budapest-hungary-61192","FLS0464","ADM"
"prague-czechoslovakia-61392","FLS0465","Mr. T Experience"
"prague-czechoslovakia-61392","FLS0465","Tech Ahead"
"vienna-austria-61492","FLS0466","Alloy"
"vienna-austria-61492","FLS0466","Tech Ahead"
"wels-austria-61592","FLS0467","Sexual Spastics"
"wels-austria-61592","FLS0467","Tech Ahead"
"munich-germany-61692","FLS0468","Blume"
"munich-germany-61692","FLS0468","Tech Ahead"
"hohenems-austria-61792","FLS0469","Alloy"
"hohenems-austria-61792","FLS0469","Tech Ahead"
"zurich-switzerland-61892","FLS0470","Tech Ahead"
"frankfurt-germany-61992","FLS0471","No Twist"
"frankfurt-germany-61992","FLS0471","Tech Ahead"
"ulm-germany-62092","FLS0472","No Twist"
"ulm-germany-62092","FLS0472","Tech Ahead"
"nuremberg-germany-62292","FLS0473","Franz Flak"
"nuremberg-germany-62292","FLS0473","Tech Ahead"
"neuhausen-auf-den-fildern-germany-62392","FLS0474","Coltello"
"neuhausen-auf-den-fildern-germany-62392","FLS0474","Tech Ahead"
"v-schwenningen-germany-62492","FLS0475","Tech Ahead"
"hannover-germany-62592","FLS0476","No Twist"
"hannover-germany-62592","FLS0476","Tech Ahead"
"berlin-germany-62892","FLS0478","Tech Ahead"
"berlin-germany-62892","FLS0478","The Notwist"
"osnabruck-germany-62992","FLS0479","Tech Ahead"
"osnabruck-germany-62992","FLS0479","The Pygmies"
"dortmund-germany-63092","FLS0480","No Twist"
"dortmund-germany-63092","FLS0480","Tech Ahead"
"koln-germany-70192","FLS0481","House of Suffering"
"koln-germany-70192","FLS0481","Tech Ahead"
"hamburg-germany-70292","FLS0482","Tech Ahead"
"bremen-germany-70392","FLS0483","Alloy"
"bremen-germany-70392","FLS0483","Tech Ahead"
"copenhagen-denmark-70492","FLS0484","Chippendales"
"oslo-norway-70692","FLS0485","So Much Hate"
"gavle-sweden-70892","FLS0486","Ashram"
"nijmegen-netherlands-71192","FLS0487","Bambix"
"washington-dc-usa-72592","FLS0488","Bikini Kill"
"washington-dc-usa-72592","FLS0488","Egg&Dudley"
"washington-dc-usa-102392","FLS0489","Chumbawamba"
"washington-dc-usa-102392","FLS0489","Negu Gorriak"
"baltimore-md-usa-102592","FLS0490","Lungfish"
"baltimore-md-usa-102592","FLS0490","Womyn of Destruction"
"virginia-beach-va-usa-20493","FLS0491","Shudder to Think"
"virginia-beach-va-usa-20493","FLS0491","Slant 6"
"chapel-hill-nc-usa-20593","FLS0492","Shudder to Think"
"chapel-hill-nc-usa-20593","FLS0492","Slant 6"
"wilmington-nc-usa-20693","FLS0493","Shudder to Think"
"wilmington-nc-usa-20693","FLS0493","Slant 6"
"wilmington-nc-usa-20693","FLS0493","Wretched Son"
"columbia-sc-usa-20793","FLS0494","134"
"columbia-sc-usa-20793","FLS0494","Lay Quiet Awhile"
"columbia-sc-usa-20793","FLS0494","Slant 6"
"charlotte-nc-usa-20893","FLS0495","Shudder to Think"
"charlotte-nc-usa-20893","FLS0495","Slant 6"
"atlanta-ga-usa-20993","FLS0496","Shudder to Think"
"atlanta-ga-usa-20993","FLS0496","Whoremonger"
"atlanta-ga-usa-21093","FLS0497","Shudder to Think"
"atlanta-ga-usa-21093","FLS0497","Tweezer"
"savannah-ga-usa-21193","FLS0498","8 Ball"
"savannah-ga-usa-21193","FLS0498","Shudder to Think"
"jacksonville-fl-usa-21293","FLS0499","Shudder to Think"
"orlando-fl-usa-21393","FLS0500","Adventures In Immortality"
"orlando-fl-usa-21393","FLS0500","Shudder to Think"
"fort-lauderdale-fl-usa-21493","FLS0501","Pontius Pilate"
"fort-lauderdale-fl-usa-21493","FLS0501","Shudder to Think"
"tampa-fl-usa-21693","FLS0502","Shudder to Think"
"gainesville-fl-usa-21793","FLS0503","Bombshell"
"gainesville-fl-usa-21793","FLS0503","Shudder to Think"
"athens-ga-usa-21893","FLS0504","Shudder to Think"
"athens-ga-usa-21993","FLS0505","Superchunk"
"athens-ga-usa-21993","FLS0505","Unrest"
"greensboro-nc-usa-22093","FLS0506","Bad Dreamhouse"
"greensboro-nc-usa-22093","FLS0506","Shudder to Think"
"richmond-va-usa-22193","FLS0507","Coral"
"richmond-va-usa-22193","FLS0507","Slant 6"
"college-park-md-usa-40293","FLS0509","Hoover"
"college-park-md-usa-40293","FLS0509","Slant 6"
"charlottesville-va-usa-40493","FLS0510","Jawbox"
"knoxville-tn-usa-40593","FLS0511","Hypertribe"
"knoxville-tn-usa-40593","FLS0511","Lawn Darts"
"nashville-tn-usa-40693","FLS0512","Buzzkill"
"memphis-tn-usa-40793","FLS0513","Substance"
"jackson-ms-usa-40893","FLS0514","Stretch Armstrong"
"jackson-ms-usa-40893","FLS0514","Tarentella"
"new-orleans-la-usa-40993","FLS0515","Cows"
"new-orleans-la-usa-40993","FLS0515","Janitor Joe"
"houston-tx-usa-41093","FLS0516","Dive"
"houston-tx-usa-41093","FLS0516","Manhole"
"bryan-tx-usa-41193","FLS0517","El Santos"
"bryan-tx-usa-41193","FLS0517","Yuck"
"austin-tx-usa-41293","FLS0518","Faucet"
"austin-tx-usa-41393","FLS0519","Come"
"san-antonio-tx-usa-41493","FLS0520","El Santos"
"san-antonio-tx-usa-41493","FLS0520","Glorium"
"dallas-tx-usa-41693","FLS0521","Bedhead"
"dallas-tx-usa-41693","FLS0521","Wayward Girl"
"norman-ok-usa-41793","FLS0522","Clovis"
"norman-ok-usa-41793","FLS0522","Season To Risk"
"lubbock-tx-usa-41893","FLS0523","Degenerates"
"el-paso-tx-usa-41993","FLS0524","Spin Drifters"
"el-paso-tx-usa-41993","FLS0524","Spoke Poker"
"tucson-az-usa-42093","FLS0525","Fuzz"
"las-vegas-nv-usa-42293","FLS0526","Dead Marilyn"
"las-vegas-nv-usa-42293","FLS0526","Scrubs"
"los-angeles-ca-usa-42393","FLS0527","Fluf"
"los-angeles-ca-usa-42393","FLS0527","Truman's Water"
"los-angeles-ca-usa-42493","FLS0528","Dead Fucking Last"
"los-angeles-ca-usa-42493","FLS0528","Slug"
"los-angeles-ca-usa-42493","FLS0528","Wool"
"los-angeles-ca-usa-42593","FLS0529","Sandy Duncan’s Eye"
"los-angeles-ca-usa-42593","FLS0529","Trashcan School"
"san-diego-ca-usa-42693","FLS0530","3 Mile Pilot"
"santa-barbara-ca-usa-42793","FLS0531","Bikini Kill"
"watsonville-ca-usa-42893","FLS0532","Hedgehog"
"san-franscisco-ca-usa-50193","FLS0534","Gr'ups"
"san-franscisco-ca-usa-50193","FLS0534","L Cid"
"san-franscisco-ca-usa-50193","FLS0534","Raooul"
"sacramento-ca-usa-50293","FLS0535","Tigertrap"
"eugene-or-usa-50493","FLS0536","Oswald 5-0"
"portland-or-usa-50593","FLS0537","Adickdid"
"portland-or-usa-50593","FLS0537","New Bad Things"
"seattle-wa-usa-50693","FLS0538","Mecca Normal"
"vancouver-bc-canada-50793","FLS0539","Mecca Normal"
"vancouver-bc-canada-50793","FLS0539","Sparkmarker"
"olympia-wa-usa-50893","FLS0540","Kicking Giant"
"olympia-wa-usa-50893","FLS0540","Lync"
"bellevue-wa-usa-50993","FLS0541","Spinnanes"
"kennewick-wa-usa-51493","FLS0542","Heatmiser"
"kennewick-wa-usa-51493","FLS0542","Maybe Days"
"boise-id-usa-51593","FLS0543","Dirt Fisherman"
"salt-lake-city-ut-usa-51693","FLS0544","Clawhammer"
"salt-lake-city-ut-usa-51693","FLS0544","Rocket From The Crypt"
"denver-co-usa-51893","FLS0545","Belljar"
"laramie-wy-usa-51993","FLS0546","Social Joke"
"omaha-ne-usa-52193","FLS0547","Ritual Device"
"omaha-ne-usa-52193","FLS0547","Sideshow"
"omaha-ne-usa-52193","FLS0547","Unrest"
"des-moines-ia-usa-52293","FLS0548","Unrest"
"minneapolis-mn-usa-52393","FLS0549","Andromeda Strain"
"minneapolis-mn-usa-52393","FLS0549","Unrest"
"minneapolis-mn-usa-52493","FLS0550","Bricklayer Cake"
"minneapolis-mn-usa-52493","FLS0550","Unrest"
"minneapolis-mn-usa-52593","FLS0551","Unrest"
"minneapolis-mn-usa-52593","FLS0551","Vertigo"
"green-bay-wi-usa-52693","FLS0552","Covent Garden"
"green-bay-wi-usa-52693","FLS0552","Unrest"
"chicago-il-usa-52893","FLS0553","Arc Welder"
"chicago-il-usa-52993","FLS0554","Grifters"
"indianapolis-in-usa-53093","FLS0555","Grifters"
"indianapolis-in-usa-53093","FLS0555","Oxymorons"
"columbus-oh-usa-53193","FLS0556","Skinwhig"
"washington-dc-usa-80793","FLS0558","Izalco"
"washington-dc-usa-80793","FLS0558","Pleasure"
"hoboken-nj-usa-81693","FLS0560","Mosquito"
"trenton-nj-usa-81793","FLS0561","Girls Vs. Boys"
"trenton-nj-usa-81893","FLS0562","Lunachicks"
"mechanicsburg-pa-usa-81993","FLS0563","Junction"
"mechanicsburg-pa-usa-81993","FLS0563","Pagan Virtue"
"pittsburgh-pa-usa-82093","FLS0564","Scrawl"
"dayton-oh-usa-82193","FLS0565","Cage"
"dayton-oh-usa-82193","FLS0565","Fifteen"
"dayton-oh-usa-82193","FLS0565","and others"
"cincinnati-oh-usa-82293","FLS0566","Scrawl"
"carbondale-il-usa-82493","FLS0567","Brainiac"
"st-louis-mo-usa-82593","FLS0568","Dazzling Killmen"
"st-louis-mo-usa-82693","FLS0569","Dazzling Killmen"
"columbia-mo-usa-82793","FLS0570","Poster Children"
"columbia-mo-usa-82793","FLS0570","Prozac Memory"
"kansas-city-ks-usa-82893","FLS0571","Poster Children"
"kansas-city-ks-usa-82893","FLS0571","Tenderloin"
"iowa-city-ia-usa-82993","FLS0572","Gumball"
"iowa-city-ia-usa-82993","FLS0572","Slant 6"
"normal-il-usa-90193","FLS0573","Blue Meanies"
"normal-il-usa-90193","FLS0573","Slant 6"
"milwaukee-wi-usa-90293","FLS0574","Muckraker"
"milwaukee-wi-usa-90293","FLS0574","Slant 6"
"chicago-il-usa-90393","FLS0575","Slant 6"
"chicago-il-usa-90393","FLS0575","Tar"
"pontiac-mi-usa-90493","FLS0576","Laughing Hyenas"
"pontiac-mi-usa-90493","FLS0576","Slant 6"
"cleveland-oh-usa-90593","FLS0577","Mule"
"cleveland-oh-usa-90593","FLS0577","Slant 6"
"buffalo-ny-usa-90693","FLS0578","Slant 6"
"buffalo-ny-usa-90693","FLS0578","Snapcase"
"guelph-ont-canada-90893","FLS0579","Burn 51"
"guelph-ont-canada-90893","FLS0579","Shudder to Think"
"toronto-ont-canada-90993","FLS0580","Mudfish"
"toronto-ont-canada-90993","FLS0580","Shudder to Think"
"toronto-ont-canada-91093","FLS0581","Morganfields"
"toronto-ont-canada-91093","FLS0581","Shudder to Think"
"ottawa-ont-canada-91193","FLS0582","Lockjaw"
"ottawa-ont-canada-91193","FLS0582","Shudder to Think"
"montreal-qc-canada-91293","FLS0583","Goldfish"
"montreal-qc-canada-91293","FLS0583","Shudder to Think"
"burlington-vt-usa-91393","FLS0584","Shudder to Think"
"portland-me-usa-91493","FLS0585","Shudder to Think"
"portland-me-usa-91493","FLS0585","Vampire Lezbos"
"bennington-vt-usa-91693","FLS0586","Shudder to Think"
"fitchburg-ma-usa-91793","FLS0587","Sam Black Church"
"fitchburg-ma-usa-91793","FLS0587","Shudder to Think"
"storrs-ct-usa-91893","FLS0588","MI6"
"storrs-ct-usa-91893","FLS0588","Shudder to Think"
"providence-ri-usa-91993","FLS0589","Scarce"
"providence-ri-usa-91993","FLS0589","Shudder to Think"
"albany-ny-usa-92093","FLS0590","Spinanes"
"albany-ny-usa-92093","FLS0590","Very Pleasant Neighbor"
"syracuse-ny-usa-92193","FLS0591","Foundation"
"syracuse-ny-usa-92193","FLS0591","Spinanes"
"binghamton-ny-usa-92293","FLS0592","Dripping Goss"
"binghamton-ny-usa-92293","FLS0592","Spinanes"
"new-york-city-ny-usa-92493","FLS0593","Jawbox"
"new-york-city-ny-usa-92493","FLS0593","Mecca Normal"
"new-york-city-ny-usa-92593","FLS0594","Spinanes"
"new-york-city-ny-usa-92593","FLS0594","Unrest"
"state-college-pa-usa-92693","FLS0595","Junction"
"state-college-pa-usa-92693","FLS0595","Spinanes"
"philadelphia-pa-usa-92793","FLS0596","Rancid"
"philadelphia-pa-usa-92793","FLS0596","Spinanes"
"philadelphia-pa-usa-92893","FLS0597","Cupid Car Club"
"philadelphia-pa-usa-92893","FLS0597","Spinanes"
"rehoboth-beach-de-usa-92993","FLS0598","Cupid Car Club"
"rehoboth-beach-de-usa-92993","FLS0598","Shovelhead"
"osaka-japan-103193","FLS0599","Yu"
"kyoto-japan-110193","FLS0600","Blow Ones Cool"
"kyoto-japan-110193","FLS0600","Satorie School"
"nagoya-japan-110393","FLS0601","Genbaku Onanies"
"tokyo-japan-110593","FLS0602","Bloodthirsty Butchers"
"tokyo-japan-110593","FLS0602","Jackie and the Cedrics"
"tokyo-japan-110693","FLS0603","Nukey Pikes"
"tokyo-japan-110693","FLS0603","Sadato"
"perth-australia-111093","FLS0605","Bucket"
"perth-australia-111093","FLS0605","Veronas"
"adelaide-australia-111193","FLS0606","Magic Dirt"
"croydon-vic-australia-111293","FLS0607","Aquanuggets"
"croydon-vic-australia-111293","FLS0607","Noise Addicts"
"croydon-vic-australia-111293","FLS0607","Spiderbait"
"melbourne-vic-australia-111393","FLS0608","Magic Dirt"
"melbourne-vic-australia-111393","FLS0608","Noise Addicts"
"melbourne-vic-australia-111393","FLS0608","Root Beer"
"melbourne-vic-australia-111493","FLS0609","Budd"
"melbourne-vic-australia-111493","FLS0609","Noise Addicts"
"melbourne-vic-australia-111493","FLS0609","Shellac"
"canberra-australia-111793","FLS0610","Budd"
"canberra-australia-111793","FLS0610","Shellac"
"wollongong-australia-111893","FLS0611","Fur"
"wollongong-australia-111893","FLS0611","Slob Plant"
"manly-australia-111993","FLS0612","Budd"
"manly-australia-111993","FLS0612","Fur"
"manly-australia-111993","FLS0612","Gumption"
"sydney-australia-112093","FLS0613","Fur"
"sydney-australia-112093","FLS0613","Mark of Cain"
"newcastle-australia-112493","FLS0614","BMF"
"newcastle-australia-112493","FLS0614","Fur"
"lismore-australia-112693","FLS0615","Headlifter"
"lismore-australia-112693","FLS0615","Spiderbait"
"brisbane-qld-australia-112793","FLS0616","Midget"
"brisbane-qld-australia-112793","FLS0616","Spiderbait"
"sydney-nsw-australia-120193","FLS0617","Headache"
"hobart-tas-australia-120393","FLS0618","Lugs"
"hobart-tas-australia-120393","FLS0618","Mouth"
"launceston-tas-australia-120493","FLS0619","Mouth"
"christchurch-new-zealand-120893","FLS0620","Pumpkinhead"
"christchurch-new-zealand-120893","FLS0620","Wadd"
"dunedin-new-zealand-120993","FLS0621","Kid Eternity"
"dunedin-new-zealand-120993","FLS0621","Swarm"
"wellington-new-zealand-121093","FLS0622","Skinshed"
"auckland-new-zealand-121193","FLS0623","Rainy Days"
"auckland-new-zealand-121193","FLS0623","Semi Lemon Kola"
"auckland-new-zealand-121293","FLS0624","Rainy Days"
"auckland-new-zealand-121293","FLS0624","Thorazine Shuffle"
"washington-dc-usa-60394","FLS0626","TAMI Show"
"washington-dc-usa-80494","FLS0627","Clone of Society"
"washington-dc-usa-80494","FLS0627","Metamatics"
"belo-horizonte-brazil-81594","FLS0628","Daizy Down"
"belo-horizonte-brazil-81594","FLS0628","Intense Manner of Living"
"belo-horizonte-brazil-81594","FLS0628","Jorge Cabeleira"
"belo-horizonte-brazil-81594","FLS0628","Oz"
"belo-horizonte-brazil-81594","FLS0628","Stigmata"
"belo-horizonte-brazil-81594","FLS0628","Virna Lisi"
"rio-de-janeiro-brazil-81894","FLS0629","Beach Lizards"
"itaborai-brazil-81994","FLS0630","Gangrena Gasosa"
"itaborai-brazil-81994","FLS0630","Tubaroes Voadores"
"sao-paulo-brazil-82094","FLS0631","Psycho Drops"
"sao-paulo-brazil-82194","FLS0632","Psycho Drops"
"curitiba-brazil-82594","FLS0633","Andes De Jardem"
"curitiba-brazil-82594","FLS0633","Intruders"
"curitiba-brazil-82594","FLS0633","Missionarios"
"curitiba-brazil-82694","FLS0635","Anões de Jardim"
"curitiba-brazil-82694","FLS0635","Intruders"
"curitiba-brazil-82694","FLS0635","Missionarios"
"curitiba-brazil-82794","FLS0636","Magog"
"curitiba-brazil-82794","FLS0636","Publico Opinion"
"silver-spring-md-usa-112094","FLS0637","Junkyard Band"
"washington-dc-usa-112794","FLS0638","Stinkin Lizaveta"
"washington-dc-usa-112994","FLS0639","The Warmers"
"baltimore-md-usa-30295","FLS0640","Onespot Fringehead"
"baltimore-md-usa-30295","FLS0640","Slant 6"
"philadelphia-pa-usa-40195","FLS0641","Make Up"
"philadelphia-pa-usa-40195","FLS0641","Metamatics"
"philadelphia-pa-usa-40295","FLS0642","Make Up"
"philadelphia-pa-usa-40295","FLS0642","Metamatics"
"new-york-city-ny-usa-40395","FLS0643","Make Up"
"new-york-city-ny-usa-40395","FLS0643","Slant 6"
"new-york-city-ny-usa-40495","FLS0644","Cakelike"
"new-york-city-ny-usa-40495","FLS0644","Slant 6"
"new-york-city-ny-usa-40595","FLS0645","Lois"
"new-york-city-ny-usa-40595","FLS0645","Unwound"
"poughkeepsie-ny-usa-40695","FLS0646","Lois"
"poughkeepsie-ny-usa-40695","FLS0646","Unwound"
"hartford-ct-usa-40795","FLS0647","Lois"
"hartford-ct-usa-40795","FLS0647","Unwound"
"portland-me-usa-40895","FLS0648","Karate"
"portland-me-usa-40895","FLS0648","Unwound"
"burlington-vt-usa-40995","FLS0649","Karate"
"burlington-vt-usa-40995","FLS0649","Unwound"
"providence-ri-usa-41195","FLS0650","Make Up"
"providence-ri-usa-41195","FLS0650","Unwound"
"providence-ri-usa-41295","FLS0651","Karate"
"providence-ri-usa-41295","FLS0651","Make Up"
"hoboken-nj-usa-41395","FLS0652","Warmers"
"newark-de-usa-41495","FLS0653","Boy Sets Fire"
"newark-de-usa-41495","FLS0653","Warmers"
"eindhoven-netherlands-50495","FLS0655","Zool"
"brighton-england-50695","FLS0656","Slant 6"
"brighton-england-50695","FLS0656","Useful Idiots"
"manchester-england-50795","FLS0657","Fabric"
"manchester-england-50795","FLS0657","Slant 6"
"glasgow-scotland-50895","FLS0658","Badgewearer"
"glasgow-scotland-50895","FLS0658","Des Man DeAblo"
"glasgow-scotland-50895","FLS0658","Slant 6"
"nottingham-england-51295","FLS0661","Bob Tilton"
"nottingham-england-51295","FLS0661","Slant 6"
"london-england-51395","FLS0662","Prophets Of Da City"
"wolverhampton-england-51495","FLS0663","Slant 6"
"wolverhampton-england-51495","FLS0663","Snuff"
"leeds-england-51595","FLS0664","Half Nelson"
"leeds-england-51595","FLS0664","Slant 6"
"amsterdam-netherlands-51795","FLS0665","Sebadoh"
"leuven-belgium-51895","FLS0666","God Is My Co-Pilot"
"gent-belgium-51995","FLS0667","Kosjer D"
"arras-france-52095","FLS0668","Cooper"
"nancy-france-52195","FLS0669","Cooper"
"paris-france-52295","FLS0670","Cooper"
"angers-france-52595","FLS0672","Prohibition"
"bordeaux-france-52695","FLS0673","Belly Button"
"bordeaux-france-52695","FLS0673","Prohibition"
"oviedo-spain-52895","FLS0675","E-330"
"madrid-spain-60295","FLS0678","Childhood"
"barcelona-spain-60395","FLS0679","Painbox"
"toulouse-france-60695","FLS0681","Prohibition"
"marseille-france-60795","FLS0682","Daily Planet"
"marseille-france-60795","FLS0682","Prohibition"
"lyon-france-60895","FLS0683","Prohibition"
"zurich-switzerland-60995","FLS0684","A.S.E"
"kingersheim-france-61095","FLS0685","Condense"
"kingersheim-france-61095","FLS0685","Well Spotted"
"milan-italy-61295","FLS0686","Kina"
"padova-italy-61395","FLS0687","Assalti Frontali"
"torino-italy-61595","FLS0689","Assalti Frontali"
"bologna-italy-61695","FLS0690","Assalti Frontali"
"gavoi-sardinia-italy-61795","FLS0691","Canidarapina"
"catania-sicily-italy-61895","FLS0692","Uzeda"
"rome-italy-62095","FLS0693","Assalti Frontali"
"verona-italy-62195","FLS0694","Rumble Mumble"
"gde-spilimbergo-italy-62295","FLS0695","Meanies"
"vienna-austria-62495","FLS0697","Kurort"
"wels-austria-62595","FLS0698","Kurort"
"ulm-germany-62795","FLS0700","4 Walls Falling"
"ulm-germany-62795","FLS0700","Sensefield"
"prague-czech-republic-62995","FLS0701","Lifetime"
"prague-czech-republic-62995","FLS0701","State of The Nation"
"stuttgart-germany-63095","FLS0702","Kurort"
"mainz-germany-70195","FLS0703","Kurolt"
"berlin-germany-70295","FLS0704","Schwartzenegger"
"dortmund-germany-70395","FLS0705","Schwartzenegger"
"hamburg-germany-70495","FLS0706","Schwartzenegger"
"nijmegen-netherlands-70595","FLS0707","Andy and Terry"
"groningen-netherlands-70795","FLS0708","Beaver"
"bielefeld-germany-70895","FLS0709","Beaver"
"bielefeld-germany-70895","FLS0709","Party Diktator"
"bremen-germany-70995","FLS0710","Messerkencht"
"oslo-norway-71495","FLS0713","Drunk"
"washington-dc-usa-91695","FLS0714","Jasaga"
"washington-dc-usa-91695","FLS0714","Lucy Murphy"
"lindenhurst-ny-usa-92195","FLS0715","Suck Pretty"
"northampton-ma-usa-92295","FLS0716","Marshes"
"montreal-qc-canada-92395","FLS0717","Bliss"
"montreal-qc-canada-92395","FLS0717","Shot Maker"
"quebec-city-qc-canada-92495","FLS0718","Shot Maker"
"ottawa-on-canada-92695","FLS0719","Okara"
"ottawa-on-canada-92695","FLS0719","Shotmaker"
"toronto-on-canada-92795","FLS0720","Minnow"
"toronto-on-canada-92795","FLS0720","Super X"
"rochester-ny-usa-92895","FLS0721","Branch Manager"
"rochester-ny-usa-92895","FLS0721","Muler"
"pittsburgh-pa-usa-92995","FLS0722","Branch Manager"
"detroit-mi-usa-100195","FLS0723","Branch Manager"
"detroit-mi-usa-100195","FLS0723","Make Up"
"cleveland-oh-usa-100295","FLS0724","Branch Manager"
"cleveland-oh-usa-100295","FLS0724","Make Up"
"columbus-oh-usa-100395","FLS0725","Branch Manager"
"columbus-oh-usa-100395","FLS0725","Make Up"
"dayton-oh-usa-100495","FLS0726","Make Up"
"dayton-oh-usa-100495","FLS0726","Trusty"
"cincinnati-oh-usa-100595","FLS0727","Branch Manager"
"cincinnati-oh-usa-100595","FLS0727","Make Up"
"indianapolis-in-usa-100695","FLS0728","Branch Manager"
"indianapolis-in-usa-100695","FLS0728","Diamonds to Coal"
"indianapolis-in-usa-100695","FLS0728","Jax"
"indianapolis-in-usa-100695","FLS0728","Make Up"
"louisville-ky-usa-100795","FLS0729","Branch Manager"
"louisville-ky-usa-100795","FLS0729","Make Up"
"st-louis-mo-usa-100895","FLS0730","Make Up"
"peoria-il-usa-100995","FLS0731","Make Up"
"peoria-il-usa-100995","FLS0731","Mingus Council"
"chicago-il-usa-101095","FLS0732","Make Up"
"chicago-il-usa-101095","FLS0732","Shellac"
"green-bay-wi-usa-101295","FLS0733","Chisel"
"green-bay-wi-usa-101295","FLS0733","Lungfish"
"milwaukee-wi-usa-101395","FLS0734","Chisel"
"milwaukee-wi-usa-101395","FLS0734","Lungfish"
"minneapolis-mn-usa-101495","FLS0735","Chisel"
"minneapolis-mn-usa-101495","FLS0735","Lungfish"
"minneapolis-mn-usa-101595","FLS0736","Chisel"
"minneapolis-mn-usa-101595","FLS0736","Lungfish"
"ames-ia-usa-101795","FLS0737","Chisel"
"ames-ia-usa-101795","FLS0737","Lungfish"
"lincoln-ne-usa-101895","FLS0738","Eamon"
"lincoln-ne-usa-101895","FLS0738","Lungfish"
"sioux-falls-sd-usa-101995","FLS0739","Floodplain"
"sioux-falls-sd-usa-101995","FLS0739","Vampire Lezbos"
"rapid-city-sd-usa-102095","FLS0740","Resin"
"rapid-city-sd-usa-102095","FLS0740","Single File Line"
"rapid-city-sd-usa-102095","FLS0740","Vampire Lezbos"
"denver-co-usa-102295","FLS0741","Air Miami"
"denver-co-usa-102295","FLS0741","God Is My Co-Pilot"
"salt-lake-city-ut-usa-102495","FLS0742","God Is My Co-Pilot"
"salt-lake-city-ut-usa-102495","FLS0742","Stella Brass"
"boise-id-usa-102595","FLS0743","God Is My Co-Pilot"
"yakima-wa-usa-102695","FLS0744","Team Dresch"
"seattle-wa-usa-102795","FLS0745","Team Dresch"
"olympia-wa-usa-102995","FLS0746","Dub Narcotic"
"anchorage-ak-usa-110195","FLS0747","Freedom 49"
"portland-or-usa-110295","FLS0748","Dub Narcotic"
"portland-or-usa-110295","FLS0748","Warmers"
"sacramento-ca-usa-110495","FLS0749","Dub Narcotic"
"sacramento-ca-usa-110495","FLS0749","The Warmers"
"san-francisco-ca-usa-110595","FLS0750","Dub Narcotic"
"san-francisco-ca-usa-110595","FLS0750","The Warmers"
"san-francisco-ca-usa-110695","FLS0751","Dub Narcotic"
"san-francisco-ca-usa-110695","FLS0751","The Warmers"
"bakersfield-ca-usa-110795","FLS0752","Dub Narcotic"
"bakersfield-ca-usa-110795","FLS0752","The Warmers"
"los-angeles-ca-usa-110895","FLS0753","Dub Narcotic"
"los-angeles-ca-usa-110895","FLS0753","The Warmers"
"los-angeles-ca-usa-110995","FLS0754","Blonde Redhead"
"los-angeles-ca-usa-110995","FLS0754","Unwound"
"san-diego-ca-usa-111095","FLS0755","Blonde Redhead"
"san-diego-ca-usa-111095","FLS0755","Unwound"
"phoenix-az-usa-111195","FLS0756","400 Years"
"phoenix-az-usa-111195","FLS0756","Unwound"
"albuquerque-nm-usa-111395","FLS0757","Blonde Redhead"
"albuquerque-nm-usa-111395","FLS0757","Unwound"
"el-paso-tx-usa-111495","FLS0758","Blonde Redhead"
"el-paso-tx-usa-111495","FLS0758","Unwound"
"austin-tx-usa-111695","FLS0759","Blonde Redhead"
"austin-tx-usa-111695","FLS0759","Branch Manager"
"austin-tx-usa-111795","FLS0760","Blonde Redhead"
"san-antonio-tx-usa-111895","FLS0761","Blonde Redhead"
"san-antonio-tx-usa-111895","FLS0761","Evergreen"
"dallas-tx-usa-111995","FLS0762","Baboon"
"dallas-tx-usa-111995","FLS0762","Blonde Redhead"
"oklahoma-city-ok-usa-112095","FLS0763","Unwound"
"washington-dc-usa-13096","FLS0764","Chisel"
"washington-dc-usa-13096","FLS0764","Meltdown"
"washington-dc-usa-13196","FLS0765","Monorchid"
"norfolk-va-usa-31996","FLS0766","Blue Tip"
"norfolk-va-usa-31996","FLS0766","Make Up"
"wilmington-nc-usa-32096","FLS0767","Cornelius"
"wilmington-nc-usa-32096","FLS0767","Make Up"
"winston-salem-nc-usa-32196","FLS0768","Make Up"
"winston-salem-nc-usa-32196","FLS0768","Monorchid"
"raliegh-nc-usa-32296","FLS0769","Make Up"
"raliegh-nc-usa-32296","FLS0769","Monorchid"
"charlotte-nc-usa-32396","FLS0770","Make Up"
"charlotte-nc-usa-32396","FLS0770","Monorchid"
"columbia-sc-usa-32496","FLS0771","Ghetto Blaster"
"athens-ga-usa-32696","FLS0772","Branch Manager"
"athens-ga-usa-32696","FLS0772","Vic Chesnutt"
"huntsville-al-usa-32796","FLS0773","Branch Manager"
"atlanta-ga-usa-32896","FLS0774","Branch Manager"
"atlanta-ga-usa-32896","FLS0774","Seely"
"atlanta-ga-usa-32996","FLS0775","Branch Manager"
"atlanta-ga-usa-32996","FLS0775","Hall of Fame"
"savannah-ga-usa-33096","FLS0776","Branch Manager"
"savannah-ga-usa-33096","FLS0776","Bug Hummer"
"jacksonville-fl-usa-33196","FLS0777","Branch Manager"
"jacksonville-fl-usa-33196","FLS0777","Gimp Disco"
"jacksonville-fl-usa-33196","FLS0777","Glorium"
"orlando-fl-usa-40196","FLS0778","Branch Manager"
"orlando-fl-usa-40196","FLS0778","Glorium"
"fort-lauderdale-fl-usa-40296","FLS0779","Branch Manager"
"fort-lauderdale-fl-usa-40296","FLS0779","Glorium"
"tampa-fl-usa-40396","FLS0780","Branch Manager"
"tampa-fl-usa-40396","FLS0780","Glorium"
"new-orleans-la-usa-40596","FLS0781","Branch Manager"
"new-orleans-la-usa-40596","FLS0781","Glorium"
"lafayette-la-usa-40796","FLS0782","Branch Manager"
"lafayette-la-usa-40796","FLS0782","Glorium"
"houston-tx-usa-40896","FLS0783","Branch Manager"
"houston-tx-usa-40896","FLS0783","Glorium"
"oxford-ms-usa-41096","FLS0784","Branch Manager"
"oxford-ms-usa-41096","FLS0784","The Neckbones"
"nashville-tn-usa-41196","FLS0785","Blast Off Country Style"
"nashville-tn-usa-41196","FLS0785","Branch Manager"
"knoxville-tn-usa-41296","FLS0786","Blast Off Country Style"
"knoxville-tn-usa-41296","FLS0786","Branch Manager"
"roanoke-va-usa-41396","FLS0787","Branch Manager"
"richmond-va-usa-41496","FLS0788","Branch Manager"
"richmond-va-usa-41496","FLS0788","Lazy Kain"
"richmond-va-usa-41496","FLS0788","Young Pioneers"
"washington-dc-usa-41996","FLS0789","Cold Cold Hearts"
"washington-dc-usa-41996","FLS0789","Norman Meyer Group"
"honolulu-hi-usa-101696","FLS0791","O.N.S."
"maui-hi-usa-101796","FLS0792","Phat For Your Soul"
"maui-hi-usa-101896","FLS0793","Phat For Your Soul"
"fukuoka-japan-102196","FLS0794","Ramstead"
"fukuoka-japan-102196","FLS0794","Screaming Hot Fudge"
"okayama-japan-102296","FLS0795","Make Up"
"okayama-japan-102296","FLS0795","Playmates"
"osaka-japan-102396","FLS0796","Mach Kung Fu"
"osaka-japan-102396","FLS0796","Make Up"
"nagoya-japan-102596","FLS0797","Genbaku Onanies"
"nagoya-japan-102596","FLS0797","Make Up"
"tokyo-japan-102696","FLS0798","DMBQ"
"tokyo-japan-102696","FLS0798","Make Up"
"tokyo-japan-102696","FLS0798","O-O-I-O-O"
"tokyo-japan-102796","FLS0799","Atomic Fireball"
"tokyo-japan-102796","FLS0799","Make Up"
"tokyo-japan-102896","FLS0800","Bloodthirsty Butchers"
"tokyo-japan-102896","FLS0800","Eastern Youth"
"tokyo-japan-102896","FLS0800","Make Up"
"tokyo-japan-102896","FLS0800","Naht"
"sapporo-japan-103096","FLS0801","Aeroscream"
"sapporo-japan-103096","FLS0801","Cowpers"
"sapporo-japan-103096","FLS0801","Thugs"
"sapporo-japan-103196","FLS0802","Bonescratch"
"sapporo-japan-103196","FLS0802","Slang"
"hong-kong-hong-kong-110296","FLS0803","Sisters of Sharon"
"hong-kong-hong-kong-110396","FLS0804","Maze"
"hong-kong-hong-kong-110396","FLS0804","That Guy's Belly"
"hong-kong-hong-kong-110396","FLS0804","Venue"
"singapore-singapore-110896","FLS0806","Stomping Ground"
"perth-australia-111096","FLS0807","Beaverloop"
"perth-australia-111096","FLS0807","Blue Tile Lounge"
"adelaide-australia-111296","FLS0808","Sin Dog Jellyroll"
"adelaide-australia-111296","FLS0808","Test Eagles"
"hobart-tz-australia-111396","FLS0809","50 Million Clowns"
"hobart-tz-australia-111396","FLS0809","Honey Pet"
"sydney-nsw-australia-111596","FLS0810","Mothra"
"sydney-nsw-australia-111596","FLS0810","Tweezer"
"newcastle-australia-111696","FLS0811","No Reason"
"newcastle-australia-111696","FLS0811","Wash"
"baltimore-md-usa-42997","FLS0812","Prisoner of Conscience"
"baltimore-md-usa-42997","FLS0812","Top Notch"
"new-york-city-ny-usa-50197","FLS0813","Branch Manager"
"new-york-city-ny-usa-50197","FLS0813","Monorchid"
"new-york-city-ny-usa-50297","FLS0814","Branch Manager"
"philadelphia-pa-usa-50397","FLS0815","Branch Manager"
"philadelphia-pa-usa-50397","FLS0815","Skeleton Key"
"durham-nh-usa-50497","FLS0816","Branch Manager"
"clinton-ma-usa-50597","FLS0817","Branch Manager"
"clinton-ma-usa-50597","FLS0817","Cast Iron Hike"
"providence-ri-usa-50697","FLS0818","Branch Manager"
"wellington-new-zealand-62897","FLS0830","Brubeck"
"piracicaba-brazil-80597","FLS0834","Killing Chainsaws"
"vitoria-brazil-80797","FLS0836","E"
"vitoria-brazil-80797","FLS0836","Turtle Creek"
"brasilia-brazil-80997","FLS0837","Ard"
"brasilia-brazil-80997","FLS0837","Sem Destino"
"brasilia-brazil-81097","FLS0838","Sem Destino"
"brasilia-brazil-81097","FLS0838","Succulent Fly"
"londrina-brazil-81397","FLS0839","Core"
"londrina-brazil-81397","FLS0839","Magic Balloon"
"curitiba-brazil-81497","FLS0840","Magneticos"
"joinville-brazil-81597","FLS0841","Butt Spencer"
"joinville-brazil-81597","FLS0841","Enzima Ruthless"
"joinville-brazil-81597","FLS0841","Magneticos"
"belo-horizonte-brazil-81697","FLS0842","Heffer"
"campinas-brazil-81997","FLS0843","Twelve Bands"
"santos-brazil-82097","FLS0844","Againe"
"santos-brazil-82097","FLS0844","Garage Fuzz"
"buenos-aires-argentina-82297","FLS0845","Cienfuegos"
"buenos-aires-argentina-82297","FLS0845","Dixie Dynamite"
"buenos-aires-argentina-82297","FLS0845","Hiram Walker"
"buenos-aires-argentina-82297","FLS0845","Massacre"
"buenos-aires-argentina-82297","FLS0845","Slam Up"
"santiago-chile-82397","FLS0846","Super Sordo"
"washington-dc-usa-82997","FLS0847","Crom Tech"
"washington-dc-usa-90397","FLS0848","Machetres"
"washington-dc-usa-90397","FLS0848","Stigmatics"
"hagerstown-md-usa-50198","FLS0849","Miss Lonelyheart"
"hagerstown-md-usa-50198","FLS0849","Quixotic"
"pittsburgh-pa-usa-50298","FLS0850","Burning Airlines"
"pittsburgh-pa-usa-50298","FLS0850","Quixotic"
"columbus-oh-usa-50398","FLS0851","Quixotic"
"columbus-oh-usa-50398","FLS0851","Scrawl"
"kent-oh-usa-50498","FLS0852","Blonde Redhead"
"kent-oh-usa-50498","FLS0852","Quixotic"
"cleveland-oh-usa-50598","FLS0853","Blonde Redhead"
"cleveland-oh-usa-50598","FLS0853","Quixotic"
"cincinnati-oh-usa-50698","FLS0854","Blonde Redhead"
"cincinnati-oh-usa-50698","FLS0854","Koan"
"chicago-il-usa-50798","FLS0855","Blonde Redhead"
"chicago-il-usa-50798","FLS0855","Shellac"
"chicago-il-usa-50898","FLS0856","Blonde Redhead"
"chicago-il-usa-50898","FLS0856","Shellac"
"detroit-mi-usa-50998","FLS0857","Blonde Redhead"
"detroit-mi-usa-50998","FLS0857","Shellac"
"richmond-va-usa-51198","FLS0858","Cranium"
"richmond-va-usa-51198","FLS0858","Four Hundred Years"
"baltimore-md-usa-51298","FLS0859","Lungfish"
"baltimore-md-usa-51298","FLS0859","The Cranium"
"poughkeepsie-ny-usa-71698","FLS0860","Blonde Redhead"
"poughkeepsie-ny-usa-71698","FLS0860","Mearth"
"syracuse-ny-usa-71798","FLS0861","Blonde Redhead"
"rochester-ny-usa-71898","FLS0862","Blonde Redhead"
"rochester-ny-usa-71898","FLS0862","Hilkka"
"toronto-on-canada-71998","FLS0863","Grade"
"ottawa-on-canada-72098","FLS0864","Blake"
"ottawa-on-canada-72098","FLS0864","Three Penny Opera"
"montreal-qc-canada-72198","FLS0865","Ire"
"montreal-qc-canada-72198","FLS0865","Nullset"
"fredericton-nb-canada-72498","FLS0867","8 Months"
"fredericton-nb-canada-72498","FLS0867","Conniption Fit"
"fredericton-nb-canada-72498","FLS0867","Room 101"
"halifax-ns-canada-72598","FLS0868","Equation of State"
"halifax-ns-canada-72598","FLS0868","North of America"
"portland-me-usa-72698","FLS0869","13 Ghost"
"portland-me-usa-72698","FLS0869","Panoply Academy"
"washington-dc-usa-73198","FLS0872","Quixotic"
"washington-dc-usa-73198","FLS0872","Shine"
"milwaukee-wi-usa-111398","FLS0873","Compound Red"
"milwaukee-wi-usa-111398","FLS0873","Jets To Brazil"
"milwaukee-wi-usa-111398","FLS0873","Promise Ring"
"eau-claire-wi-usa-111498","FLS0874","Planet Vinyl"
"eau-claire-wi-usa-111498","FLS0874","Poster Children"
"minneapolis-mn-usa-111598","FLS0875","Bricklayer Cake"
"minneapolis-mn-usa-111598","FLS0875","Poster Children"
"des-moines-ia-usa-111698","FLS0876","At The Drive In"
"des-moines-ia-usa-111698","FLS0876","Squid Boy"
"omaha-ne-usa-111798","FLS0877","Darktown House Band"
"omaha-ne-usa-111798","FLS0877","The Faint"
"olathe-ks-usa-111898","FLS0878","Rex Hobart & The Misery Boys"
"oklahoma-city-ok-usa-111998","FLS0879","Hovercraft"
"oklahoma-city-ok-usa-111998","FLS0879","ICU"
"houston-tx-usa-112198","FLS0880","Lord High Fixers"
"austin-tx-usa-112298","FLS0881","Hovercraft"
"austin-tx-usa-112298","FLS0881","ICU"
"dallas-tx-usa-112398","FLS0882","Swivel"
"conway-ar-usa-112498","FLS0883","Shake Ray Turbine"
"memphis-tn-usa-112598","FLS0884","Lucky"
"memphis-tn-usa-112598","FLS0884","Megan"
"st-louis-mo-usa-112698","FLS0885","90 Day Men"
"st-louis-mo-usa-112698","FLS0885","Bunnygrunt"
"louisville-ky-usa-112798","FLS0886","Elliot"
"louisville-ky-usa-112798","FLS0886","June of 44"
"charleston-wv-usa-112898","FLS0887","All For Nothing"
"charleston-wv-usa-112898","FLS0887","Shindig"
"morgantown-wv-usa-112998","FLS0888","Braille Drivers"
"morgantown-wv-usa-112998","FLS0888","San Vitale"
"washington-dc-usa-120398","FLS0889","Bald Repunzal"
"washington-dc-usa-120398","FLS0889","Lungfish"
"fairfax-va-usa-120498","FLS0890","Most Secret Method"
"fairfax-va-usa-120498","FLS0890","Princessed"
"san-diego-ca-usa-21899","FLS0891","Camera Obscura"
"san-diego-ca-usa-21899","FLS0891","Gogogo Airheart"
"ventura-ca-usa-21999","FLS0892","Phantom Surfers"
"ventura-ca-usa-21999","FLS0892","Up Hollow"
"watsonville-ca-usa-22099","FLS0893","The Gods Hate Kansas"
"watsonville-ca-usa-22099","FLS0893","The Muggs"
"palo-alto-ca-usa-22199","FLS0894","The Ex"
"palo-alto-ca-usa-22199","FLS0894","The Thrones"
"san-francisco-ca-usa-22299","FLS0895","The Ex"
"san-francisco-ca-usa-22299","FLS0895","The Thrones"
"reno-nv-usa-22399","FLS0896","Spun"
"reno-nv-usa-22399","FLS0896","The Ex"
"sacramento-ca-usa-22499","FLS0897","The Ex"
"portland-or-usa-22699","FLS0898","The Ex"
"portland-or-usa-22699","FLS0898","The Need"
"olympia-wa-usa-22799","FLS0899","Dub Narcotic"
"olympia-wa-usa-22799","FLS0899","The Ex"
"seattle-wa-usa-22899","FLS0900","Sleater Kinney"
"seattle-wa-usa-22899","FLS0900","The Ex"
"springfield-or-usa-30299","FLS0901","764-Hero"
"springfield-or-usa-30299","FLS0901","Red Stars Theory"
"chico-ca-usa-30399","FLS0902","The Champs"
"chico-ca-usa-30399","FLS0902","The Lies"
"bakersfield-ca-usa-30499","FLS0903","Fluf"
"bakersfield-ca-usa-30499","FLS0903","Pop Rockets"
"las-vegas-nv-usa-30599","FLS0904","Fluf"
"las-vegas-nv-usa-30599","FLS0904","Los Trios De Nada"
"victorville-ca-usa-30699","FLS0905","Fluf"
"pomona-ca-usa-30799","FLS0906","Fluf"
"los-angeles-ca-usa-30999","FLS0907","Distortion Felix"
"los-angeles-ca-usa-30999","FLS0907","Godzik Pink"
"los-angeles-ca-usa-31099","FLS0908","Destroy All Nels Cline"
"los-angeles-ca-usa-31099","FLS0908","Goatsnake"
"reykjavik-iceland-42799","FLS0909","Minus"
"leeds-england-42999","FLS0910","Hood"
"leeds-england-42999","FLS0910","Pylon"
"wolverhampton-england-43099","FLS0911","Pram"
"wolverhampton-england-43099","FLS0911","Tone"
"newcastle-england-50299","FLS0912","Red Monkey"
"edinburgh-scotland-50399","FLS0913","Macrocosmica"
"edinburgh-scotland-50399","FLS0913","Pilotcan"
"aberdeen-scotland-50499","FLS0914","Laeto"
"glasgow-scotland-50599","FLS0915","Hernandez"
"glasgow-scotland-50599","FLS0915","Lungleg"
"kilkenny-ireland-50799","FLS0916","Gout"
"cork-ireland-50899","FLS0917","Calixicon"
"dublin-ireland-50999","FLS0918","Redneck Manifesto"
"newport-wales-51199","FLS0919","Hernandez"
"newport-wales-51199","FLS0919","The Boom"
"manchester-england-51299","FLS0920","Gold Blade"
"manchester-england-51299","FLS0920","Spy vs. Spy"
"nottingham-england-51399","FLS0921","6X7"
"nottingham-england-51399","FLS0921","The Boom"
"brighton-england-51499","FLS0922","Beachie Heads"
"brighton-england-51499","FLS0922","Eater"
"london-england-51599","FLS0923","Marine Research"
"london-england-51599","FLS0923","Shellac"
"washington-dc-usa-82699","FLS0924","Flin Flon"
"amsterdam-netherlands-91699","FLS0925","Lowlife"
"berlin-germany-92099","FLS0927","Real"
"wroclaw-poland-92199","FLS0928","Starzy Singers"
"leipzig-germany-92299","FLS0929","Bollo"
"leipzig-germany-92299","FLS0929","Something Like Elvis"
"prague-czech-republic-92399","FLS0930","Landmine Spring"
"prague-czech-republic-92399","FLS0930","Something Like Elvis"
"nuremberg-germany-92499","FLS0931","Bambi Division"
"nuremberg-germany-92499","FLS0931","Something Like Elvis"
"munich-germany-92599","FLS0932","Something Like Elvis"
"ljubljana-slovenia-92899","FLS0934","Štirje Pravi Dedci"
"zurich-switzerland-100599","FLS0941","Blue Water Boy"
"barcelona-spain-100899","FLS0944","No More Lies"
"bergara-spainbasque-101099","FLS0945","Half Foot Outside"
"bergara-spainbasque-101099","FLS0945","Lisabö"
"bordeaux-france-101199","FLS0946","Virago"
"poitiers-france-101299","FLS0947","Gum"
"brussels-belgium-101599","FLS0950","Black Heart Procession"
"brussels-belgium-101599","FLS0950","Vandal X"
"providence-ri-usa-120299","FLS0953","The Ex"
"new-york-city-ny-usa-120399","FLS0954","The Ex"
"philadelphia-pa-usa-120499","FLS0955","Lungfish"
"philadelphia-pa-usa-120499","FLS0955","The Ex"
"washington-dc-usa-120599","FLS0956","The Ex"
"charlottesville-va-usa-120899","FLS0957","The Ex"
"atlanta-ga-usa-121799","FLS0958","Allscars"
"atlanta-ga-usa-121799","FLS0958","Faraquet"
"athens-ga-usa-121899","FLS0959","Allscars"
"athens-ga-usa-121899","FLS0959","Faraquet"
"knoxville-tn-usa-121999","FLS0960","Faraquet"
"nashville-tn-usa-122099","FLS0961","Faraquet"
"raleigh-nc-usa-11200","FLS0962","Faraquet"
"charlotte-nc-usa-11300","FLS0963","Faraquet"
"savannah-ga-usa-11400","FLS0964","Faraquet"
"savannah-ga-usa-11400","FLS0964","The Flam"
"gainesville-fl-usa-11500","FLS0965","Faraquet"
"gainesville-fl-usa-11500","FLS0965","True North"
"orlando-fl-usa-11600","FLS0966","Faraquet"
"fort-lauderdale-fl-usa-11800","FLS0967","Faraquet"
"tampa-fl-usa-11900","FLS0968","Faraquet"
"tallahassee-fl-usa-12000","FLS0969","Faraquet"
"tallahassee-fl-usa-12000","FLS0969","Flanders"
"san-francisco-ca-usa-60400","FLS0970","Bonfire Madigan"
"san-francisco-ca-usa-60400","FLS0970","DJ Disk"
"san-francisco-ca-usa-60400","FLS0970","Sleater Kinney"
"san-francisco-ca-usa-60400","FLS0970","Vic Chesnutt"
"washington-dc-usa-80700","FLS0972","Vertabrates"
"umea-sweden-93000","FLS0973","The International Noise Conspiracy"
"stockholm-sweden-100100","FLS0974","Randy"
"stockholm-sweden-100100","FLS0974","Trap Door Fucking Exit"
"oslo-norway-100200","FLS0975","Billion Dollar Mission"
"trondheim-norway-100300","FLS0976","Opera Performance"
"jonkoping-sweden-100600","FLS0978","Dialog Cet"
"copenhagen-denmark-100700","FLS0979","Barrahead"
"lund-sweden-100800","FLS0980","Last Days of April"
"helsinki-finland-101000","FLS0981","Candy Cane"
"denver-co-usa-40501","FLS0982","Family of Discordia"
"denver-co-usa-40601","FLS0983","Sin Desires Marie"
"denver-co-usa-40601","FLS0983","Still left Standing"
"colorado-springs-co-usa-40701","FLS0984","Go Go Go Airheart"
"albuquerque-nm-usa-40801","FLS0985","Eyeliners"
"albuquerque-nm-usa-40801","FLS0985","Gogogo Airheart"
"el-paso-tx-usa-40901","FLS0986","Defacto"
"tucson-az-usa-41001","FLS0987","Los Sinfronteras"
"phoenix-az-usa-41201","FLS0988","Black Heart Procession"
"tuba-city-az-usa-41301","FLS0989","Blackfire"
"salt-lake-city-ut-usa-41401","FLS0990","Ether"
"laramie-wy-usa-41601","FLS0991","Heshplus"
"lincoln-ne-usa-41701","FLS0992","Her Fly Away Manner"
"kansas-city-mo-usa-41801","FLS0993","Big Iron"
"columbia-mo-usa-41901","FLS0994","Star Death"
"indianapolis-in-usa-42001","FLS0995","Monster Zero Orchestra"
"pittsburgh-pa-usa-42101","FLS0996","Dead Meadow"
"washington-dc-usa-42501","FLS0997","Dead Meadow"
"washington-dc-usa-42701","FLS0998","Long Goodbye"
"washington-dc-usa-42701","FLS0998","Orthrelm"
"severna-park-md-usa-62101","FLS0999","Stagger Stagger Crawl"
"chicago-il-usa-62301","FLS1000","Shellac"
"chicago-il-usa-62301","FLS1000","The Ex"
"chicago-il-usa-62401","FLS1001","Shellac"
"chicago-il-usa-62401","FLS1001","The Ex"
"green-bay-wi-usa-62601","FLS1002","The Eternals"
"minneapolis-mn-usa-62701","FLS1003","Selby Tigers"
"fargo-nd-usa-62801","FLS1004","Refined"
"winnipeg-mb-canada-62901","FLS1005","Sixty Stories"
"winnipeg-mb-canada-62901","FLS1005","Witness Protection Program"
"regina-sk-canada-63001","FLS1006","Bullmarket"
"saskatoon-sk-canada-70101","FLS1007","Some M.C."
"edmonton-ab-canada-70201","FLS1008","Parkade"
"calgary-ab-canada-70301","FLS1009","Honey Rockets"
"kelowna-bc-canada-70501","FLS1010","The Metic"
"victoria-bc-canada-70601","FLS1011","Pretty Girls Make Graves"
"burnaby-bc-canada-70701","FLS1012","Def Poets Society"
"burnaby-bc-canada-70701","FLS1012","Submission Hold"
"washington-dc-usa-81301","FLS1013","Pupils"
"richmond-va-usa-32202","FLS1014","Rah Bras"
"raleigh-nc-usa-32302","FLS1015","Bats and Mice"
"raleigh-nc-usa-32302","FLS1015","Dead Meadow"
"asheville-nc-usa-32402","FLS1016","Francis"
"birmingham-al-usa-32502","FLS1017","Plate Six"
"new-orleans-la-usa-32702","FLS1018","Amerigo"
"houston-tx-usa-32802","FLS1019","Engine Down"
"houston-tx-usa-32802","FLS1019","Explosions In The Sky"
"san-antonio-tx-usa-32902","FLS1020","Kowalski"
"san-antonio-tx-usa-32902","FLS1020","White Heat"
"austin-tx-usa-33002","FLS1021","The White Papers"
"austin-tx-usa-33102","FLS1022","The Snobs"
"austin-tx-usa-33102","FLS1022","Total Noise Group"
"fort-worth-tx-usa-40102","FLS1023","Sub Oslo"
"little-rock-ar-usa-40202","FLS1024","Pomo-Christie"
"louisville-ky-usa-40402","FLS1025","Rachels"
"louisville-ky-usa-40402","FLS1025","Shipping News"
"huntington-wv-usa-40502","FLS1026","Ruby Slippers"
"harrisonburg-va-usa-40602","FLS1027","Engine Down"
"holyoke-ma-usa-51802","FLS1028","Tizzy"
"boston-ma-usa-51902","FLS1029","Eulcid"
"boston-ma-usa-42002","FLS1030","Poster Children"
"washington-dc-usa-70102","FLS1031","Quixotic"
"brighton-england-102002","FLS1032","Cat on Form"
"exeter-england-102102","FLS1033","Once Over Twice"
"birmingham-england-102202","FLS1034","Go Go Go Airheart"
"birmingham-england-102202","FLS1034","Retisonic"
"nottingham-england-102302","FLS1035","Twinkie"
"nottingham-england-102302","FLS1035","Wolves (of Greece)"
"dublin-ireland-102502","FLS1036","Connect 4 Orchestra"
"limerick-ireland-102602","FLS1037","Calzino Fiasco"
"derry-northern-ireland-102702","FLS1038","Tracer AMC"
"glasgow-scotland-102902","FLS1039","Eska"
"glasgow-scotland-102902","FLS1039","Senator"
"manchester-england-103002","FLS1040","Gertrude"
"leeds-england-103102","FLS1041","The Unit Ama"
"bristol-england-110102","FLS1042","Dead Inside"
"london-england-110202","FLS1043","Quickspace"
"london-england-110302","FLS1044","Erase Errata"
"london-england-110302","FLS1044","Q and Not U"
"london-england-110402","FLS1045","Buff Medways"
"london-england-110402","FLS1045","Winnebago Deal"
"east-lansing-mi-12088","FLS1048","Lowly Cows"
"los-angeles-ca-usa-palace-3899","FLS1049","Bluebird"
"los-angeles-ca-usa-palace-3899","FLS1049","Paper Lantern"
"carlisle-pa-usa-21388","FLS1050","Kingface"
"carlisle-pa-usa-21388","FLS1050","Scram"
"carlisle-pa-usa-21388","FLS1050","Slush Puppies"
"washington-dc-081596","FLS1051","Branch Manager"
"sydney-australia-111796","FLS1052","Midget"
"wollongong-australia-111896","FLS1054","Shifter"
"wollongong-australia-111896","FLS1054","Tripe"
"washington-dc-usa-083192","FLS1055","Slant 6"
