"songid","song","count"
1,"23 beats off",27
2,"and the same",397
3,"argument",76
4,"arpeggiator",163
5,"back to base",142
6,"bad mouth",312
7,"bed for the scraping",310
8,"birthday pony",203
9,"blueprint",608
10,"break",179
11,"break-in",146
12,"brendan #1",170
13,"bulldog front",249
14,"burning",243
15,"burning too",238
16,"by you",236
17,"cashout",67
18,"cassavetes",180
19,"caustic acrostic",53
20,"closed captioned",169
21,"combination lock",21
22,"dear justice letter",152
23,"do you like me",282
24,"downed city",116
25,"epic problem",34
26,"ex-spectator",52
27,"exit only",282
28,"facet squared",307
29,"fd",122
30,"fell, destroyed",135
31,"five corporations",113
32,"floating boy",107
33,"foreman's dog",34
34,"forensic scene",203
35,"full disclosure",29
36,"furniture",108
37,"give me the cure",401
38,"glueman",148
39,"great cop",277
40,"greed",199
41,"guilford fall",32
42,"hello morning",2
43,"in defense of humans",31
44,"instrument",282
45,"joe #1",136
46,"kyeo",183
47,"last chance for a slow dance",138
48,"latest disgrace",39
49,"latin roots",187
50,"life and limb",24
51,"lockdown",184
52,"long distance runner",114
53,"long division",523
54,"margin walker",467
55,"merchandise",495
56,"nice new outfit",119
57,"nightshop",46
58,"no surprise",97
59,"number 5",120
60,"oh",91
61,"pink frosty",69
62,"place position",140
63,"polish",6
64,"promises",386
65,"provisional",12
66,"public witness program",273
67,"recap modotti",151
68,"reclamation",612
69,"rend it",354
70,"repeater",427
71,"reprovisional",284
72,"returning the screw",138
73,"runaway return",273
74,"shut the door",342
75,"sieve-fisted find",435
76,"smallpox champion",265
77,"song #1",353
78,"stacks",156
79,"steady diet",46
80,"strangelight",19
81,"styrofoam",294
82,"suggestion",373
83,"sweet and low",254
84,"target",267
85,"the kill",37
86,"the word",37
87,"turn off your guns",17
88,"turnover",416
89,"two beats off",392
90,"version",36
91,"waiting room",675
92,"walken's syndrome",147
